id,model,richness,connectance,complexity,distance,basal,top,S1,S2,S4,S5
AkatoreB,adbm,15,0.08,0.8495642531664254,1.0,7.0,10.0,10.0,4.0,25.0,12.0
AkatoreB,niche,15,0.07555555555555556,0.9199667764084665,2.0,8.0,6.0,10.0,2.0,4.0,9.0
AkatoreB,bodymassratio,15,0.18222222222222223,0.8957609166633443,2.0,5.0,1.0,54.0,11.0,51.0,68.0
Berwick,adbm,25,0.0416,0.839743871718411,2.0,21.0,11.0,5.0,1.0,15.0,85.0
Berwick,niche,25,0.1008,0.9100023727023477,3.0,9.0,5.0,20.0,9.0,34.0,45.0
Berwick,bodymassratio,25,0.1344,0.9046106306154533,3.0,5.0,3.0,204.0,48.0,123.0,119.0
Blackrock,adbm,21,0.11564625850340136,0.8333246121135378,1.0,5.0,14.0,24.0,22.0,194.0,54.0
Blackrock,niche,21,0.07936507936507936,0.9371156186758288,3.0,12.0,2.0,4.0,3.0,14.0,38.0
Blackrock,bodymassratio,21,0.14965986394557823,0.900192692345289,3.0,3.0,2.0,141.0,21.0,99.0,127.0
Broad,adbm,25,0.1184,0.8155645019586002,2.0,13.0,3.0,48.0,35.0,220.0,177.0
Broad,niche,25,0.1392,0.8728013046621715,2.0,8.0,4.0,6.0,16.0,37.0,95.0
Broad,bodymassratio,25,0.128,0.8934972828617558,4.0,5.0,4.0,190.0,19.0,154.0,173.0
Canton,adbm,23,0.14744801512287334,0.7627257850652904,2.0,13.0,8.0,33.0,12.0,239.0,272.0
Canton,niche,23,0.0945179584120983,0.9048548614967351,2.0,8.0,4.0,38.0,9.0,41.0,53.0
Canton,bodymassratio,23,0.13610586011342155,0.9155750661009883,3.0,4.0,7.0,171.0,25.0,127.0,102.0
Catlins,adbm,20,0.0775,0.8901486801487828,2.0,14.0,2.0,21.0,4.0,19.0,72.0
Catlins,niche,20,0.08,0.9054422526976375,2.0,9.0,6.0,28.0,4.0,22.0,43.0
Catlins,bodymassratio,20,0.1175,0.8978584939831649,3.0,4.0,5.0,103.0,12.0,49.0,43.0
Dempsters,adbm,33,0.12396694214876033,0.8554277119522518,2.0,8.0,7.0,351.0,23.0,424.0,394.0
Dempsters,niche,33,0.09090909090909091,0.9158161209395328,2.0,8.0,2.0,93.0,12.0,49.0,108.0
Dempsters,bodymassratio,33,0.09182736455463728,0.8979440506511378,3.0,8.0,8.0,264.0,47.0,164.0,177.0
German,adbm,19,0.14127423822714683,0.9127070992110357,2.0,7.0,3.0,70.0,16.0,95.0,88.0
German,niche,19,0.14127423822714683,0.8962564825148358,2.0,4.0,2.0,45.0,29.0,32.0,72.0
German,bodymassratio,19,0.10526315789473684,0.9203738348699586,3.0,4.0,6.0,60.0,7.0,42.0,42.0
Healy,adbm,19,0.1745152354570637,0.8750975572823798,3.0,4.0,3.0,101.0,23.0,98.0,141.0
Healy,niche,19,0.07479224376731301,0.9605803719120425,2.0,8.0,4.0,19.0,2.0,12.0,37.0
Healy,bodymassratio,19,0.13850415512465375,0.9245137641942522,1.0,2.0,2.0,105.0,26.0,42.0,40.0
Kyeburn,adbm,20,0.115,0.8610311159227972,2.0,9.0,4.0,41.0,15.0,76.0,91.0
Kyeburn,niche,20,0.1825,0.8676751813588272,2.0,5.0,3.0,42.0,45.0,62.0,93.0
Kyeburn,bodymassratio,20,0.145,0.910873905733141,5.0,2.0,3.0,139.0,16.0,70.0,68.0
Little,adbm,15,0.07111111111111111,0.800935343202911,2.0,10.0,10.0,0.0,2.0,22.0,19.0
Little,niche,15,0.14666666666666667,0.9008717151909463,2.0,5.0,1.0,10.0,7.0,7.0,18.0
Little,bodymassratio,15,0.10666666666666667,0.9290450817761653,3.0,5.0,5.0,26.0,7.0,22.0,25.0
Narrowdale,adbm,16,0.0,0.0,1.0,16.0,16.0,0.0,0.0,0.0,0.0
Narrowdale,niche,16,0.08203125,0.9422047041408225,2.0,7.0,1.0,2.0,0.0,7.0,4.0
Narrowdale,bodymassratio,16,0.1015625,0.9396671454556736,3.0,2.0,4.0,35.0,6.0,17.0,21.0
NorthCol,adbm,22,0.11363636363636363,0.8313830189593951,2.0,10.0,11.0,47.0,28.0,124.0,90.0
NorthCol,niche,22,0.1012396694214876,0.9048414782182398,2.0,9.0,0.0,15.0,4.0,18.0,33.0
NorthCol,bodymassratio,22,0.11776859504132231,0.9050741153353075,3.0,6.0,4.0,77.0,19.0,74.0,88.0
Powder,adbm,23,0.1266540642722117,0.8713024560993675,2.0,12.0,3.0,100.0,18.0,81.0,194.0
Powder,niche,23,0.07939508506616257,0.8928975839835341,2.0,10.0,10.0,10.0,6.0,12.0,23.0
Powder,bodymassratio,23,0.13043478260869565,0.90431651534923,4.0,4.0,4.0,169.0,38.0,81.0,101.0
Stony,adbm,26,0.08579881656804733,0.8440848987078114,2.0,16.0,4.0,43.0,2.0,129.0,187.0
Stony,niche,26,0.08284023668639054,0.919230297472284,2.0,11.0,8.0,46.0,31.0,36.0,112.0
Stony,bodymassratio,26,0.15532544378698224,0.8881428808276645,4.0,3.0,4.0,319.0,55.0,196.0,216.0
Sutton,adbm,24,0.10416666666666667,0.895451572915199,2.0,9.0,3.0,64.0,19.0,87.0,201.0
Sutton,niche,24,0.09895833333333333,0.9286888498308636,2.0,6.0,5.0,77.0,15.0,53.0,85.0
Sutton,bodymassratio,24,0.14583333333333334,0.8863870059226449,3.0,4.0,3.0,157.0,33.0,143.0,197.0
Venlaw,adbm,22,0.05165289256198347,0.9572616579385049,2.0,18.0,4.0,17.0,7.0,0.0,68.0
Venlaw,niche,22,0.10330578512396695,0.9138704741149591,3.0,6.0,1.0,18.0,5.0,14.0,25.0
Venlaw,bodymassratio,22,0.09504132231404959,0.9318558922850259,4.0,4.0,4.0,83.0,11.0,40.0,39.0
AkatoreB,adbm,15,0.08,0.8495642531664254,1.0,7.0,10.0,10.0,4.0,25.0,12.0
AkatoreB,niche,15,0.04888888888888889,0.9096391547177225,2.0,10.0,8.0,2.0,3.0,2.0,10.0
AkatoreB,bodymassratio,15,0.17777777777777778,0.8757968260603505,3.0,5.0,1.0,59.0,12.0,42.0,62.0
Berwick,adbm,25,0.0416,0.839743871718411,2.0,21.0,11.0,5.0,1.0,15.0,85.0
Berwick,niche,25,0.0752,0.9176713255407346,2.0,9.0,10.0,42.0,8.0,70.0,67.0
Berwick,bodymassratio,25,0.1392,0.9049802196468355,3.0,5.0,3.0,218.0,45.0,137.0,121.0
Blackrock,adbm,21,0.11564625850340136,0.8333246121135378,1.0,5.0,14.0,24.0,22.0,194.0,54.0
Blackrock,niche,21,0.1111111111111111,0.9029629649304822,2.0,6.0,4.0,32.0,1.0,36.0,43.0
Blackrock,bodymassratio,21,0.1473922902494331,0.8905178201509036,3.0,3.0,3.0,125.0,24.0,94.0,133.0
Broad,adbm,25,0.1184,0.8155645019586002,2.0,13.0,3.0,48.0,35.0,220.0,177.0
Broad,niche,25,0.1168,0.900641539461164,2.0,8.0,0.0,66.0,30.0,27.0,135.0
Broad,bodymassratio,25,0.1152,0.9156555518262984,4.0,5.0,4.0,154.0,16.0,128.0,125.0
Canton,adbm,23,0.14744801512287334,0.7627257850652904,2.0,13.0,8.0,33.0,12.0,239.0,272.0
Canton,niche,23,0.1266540642722117,0.9145118569694095,2.0,3.0,5.0,70.0,44.0,38.0,91.0
Canton,bodymassratio,23,0.13610586011342155,0.8873383060532741,3.0,4.0,7.0,181.0,33.0,120.0,93.0
Catlins,adbm,20,0.0775,0.8901486801487828,2.0,14.0,2.0,21.0,4.0,19.0,72.0
Catlins,niche,20,0.115,0.9193622435327123,2.0,6.0,0.0,8.0,9.0,15.0,27.0
Catlins,bodymassratio,20,0.1225,0.9157653826170201,2.0,4.0,5.0,101.0,20.0,46.0,41.0
Dempsters,adbm,33,0.12396694214876033,0.8554277119522518,2.0,8.0,7.0,351.0,23.0,424.0,394.0
Dempsters,niche,33,0.07713498622589532,0.9285459701441232,2.0,9.0,5.0,77.0,10.0,71.0,100.0
Dempsters,bodymassratio,33,0.08999081726354453,0.9049884732872587,3.0,9.0,9.0,274.0,48.0,139.0,174.0
German,adbm,19,0.14127423822714683,0.9127070992110357,2.0,7.0,3.0,70.0,16.0,95.0,88.0
German,niche,19,0.08310249307479224,0.9041460109528398,2.0,11.0,4.0,18.0,6.0,11.0,51.0
German,bodymassratio,19,0.09141274238227147,0.9067767003451369,3.0,4.0,8.0,42.0,6.0,35.0,29.0
Healy,adbm,19,0.1745152354570637,0.8750975572823798,3.0,4.0,3.0,101.0,23.0,98.0,141.0
Healy,niche,19,0.14681440443213298,0.8867338107733508,2.0,6.0,4.0,20.0,11.0,15.0,28.0
Healy,bodymassratio,19,0.13850415512465375,0.916286216733012,1.0,2.0,3.0,105.0,25.0,48.0,42.0
Kyeburn,adbm,20,0.115,0.8610311159227972,2.0,9.0,4.0,41.0,15.0,76.0,91.0
Kyeburn,niche,20,0.0825,0.930326779233152,2.0,7.0,5.0,39.0,5.0,27.0,21.0
Kyeburn,bodymassratio,20,0.1225,0.9148323538988817,6.0,3.0,3.0,101.0,9.0,55.0,56.0
Little,adbm,15,0.07111111111111111,0.800935343202911,2.0,10.0,10.0,0.0,2.0,22.0,19.0
Little,niche,15,0.16444444444444445,0.8665448343542398,3.0,5.0,4.0,12.0,12.0,24.0,21.0
Little,bodymassratio,15,0.10666666666666667,0.9122369255025777,3.0,5.0,5.0,30.0,5.0,19.0,27.0
Narrowdale,adbm,16,0.0,0.0,1.0,16.0,16.0,0.0,0.0,0.0,0.0
Narrowdale,niche,16,0.07421875,0.9721547328368685,2.0,4.0,3.0,8.0,0.0,3.0,2.0
Narrowdale,bodymassratio,16,0.10546875,0.920010312130579,3.0,4.0,4.0,33.0,9.0,14.0,29.0
NorthCol,adbm,22,0.11363636363636363,0.8313830189593951,2.0,10.0,11.0,47.0,28.0,124.0,90.0
NorthCol,niche,22,0.09297520661157024,0.917584923096148,2.0,6.0,5.0,30.0,8.0,27.0,51.0
NorthCol,bodymassratio,22,0.1322314049586777,0.8928341388400723,2.0,6.0,3.0,99.0,22.0,98.0,111.0
Powder,adbm,23,0.1266540642722117,0.8713024560993675,2.0,12.0,3.0,100.0,18.0,81.0,194.0
Powder,niche,23,0.0661625708884688,0.9433554010686964,2.0,10.0,1.0,7.0,0.0,1.0,8.0
Powder,bodymassratio,23,0.13988657844990549,0.9005981656985965,4.0,4.0,4.0,195.0,40.0,88.0,102.0
Stony,adbm,26,0.08579881656804733,0.8440848987078114,2.0,16.0,4.0,43.0,2.0,129.0,187.0
Stony,niche,26,0.1227810650887574,0.9055176338795635,3.0,8.0,3.0,26.0,11.0,26.0,32.0
Stony,bodymassratio,26,0.15976331360946747,0.8932880535984201,4.0,3.0,4.0,324.0,69.0,207.0,213.0
Sutton,adbm,24,0.10416666666666667,0.895451572915199,2.0,9.0,3.0,64.0,19.0,87.0,201.0
Sutton,niche,24,0.13368055555555555,0.8741429662425293,2.0,10.0,0.0,11.0,8.0,36.0,54.0
Sutton,bodymassratio,24,0.1440972222222222,0.890589146122531,4.0,3.0,5.0,171.0,33.0,151.0,160.0
Venlaw,adbm,22,0.05165289256198347,0.9572616579385049,2.0,18.0,4.0,17.0,7.0,0.0,68.0
Venlaw,niche,22,0.05578512396694215,0.9486261435340599,2.0,8.0,9.0,15.0,1.0,14.0,15.0
Venlaw,bodymassratio,22,0.08884297520661157,0.9452619288653981,4.0,3.0,4.0,69.0,8.0,37.0,34.0
AkatoreB,adbm,15,0.08,0.8495642531664254,1.0,7.0,10.0,10.0,4.0,25.0,12.0
AkatoreB,niche,15,0.10666666666666667,0.907027556851384,2.0,8.0,3.0,2.0,0.0,1.0,1.0
AkatoreB,bodymassratio,15,0.1688888888888889,0.8951040239708413,2.0,5.0,1.0,47.0,10.0,40.0,60.0
Berwick,adbm,25,0.0416,0.839743871718411,2.0,21.0,11.0,5.0,1.0,15.0,85.0
Berwick,niche,25,0.1024,0.9156251128134227,3.0,6.0,0.0,53.0,18.0,52.0,62.0
Berwick,bodymassratio,25,0.144,0.8953748280219007,3.0,5.0,3.0,234.0,52.0,141.0,141.0
Blackrock,adbm,21,0.11564625850340136,0.8333246121135378,1.0,5.0,14.0,24.0,22.0,194.0,54.0
Blackrock,niche,21,0.09977324263038549,0.92410360462876,2.0,6.0,6.0,16.0,9.0,35.0,43.0
Blackrock,bodymassratio,21,0.1360544217687075,0.9090183355081267,3.0,3.0,3.0,113.0,19.0,86.0,101.0
Broad,adbm,25,0.1184,0.8155645019586002,2.0,13.0,3.0,48.0,35.0,220.0,177.0
Broad,niche,25,0.08,0.9247115145200544,2.0,8.0,8.0,43.0,26.0,40.0,92.0
Broad,bodymassratio,25,0.1248,0.9083187450945956,3.0,5.0,5.0,161.0,22.0,158.0,155.0
Canton,adbm,23,0.14744801512287334,0.7627257850652904,2.0,13.0,8.0,33.0,12.0,239.0,272.0
Canton,niche,23,0.11531190926275993,0.8927447292185767,3.0,9.0,3.0,57.0,18.0,44.0,109.0
Canton,bodymassratio,23,0.1342155009451796,0.9163291404152845,3.0,4.0,7.0,171.0,31.0,116.0,93.0
Catlins,adbm,20,0.0775,0.8901486801487828,2.0,14.0,2.0,21.0,4.0,19.0,72.0
Catlins,niche,20,0.1175,0.8877540670523612,2.0,7.0,5.0,57.0,12.0,53.0,68.0
Catlins,bodymassratio,20,0.12,0.903424305607219,2.0,4.0,5.0,103.0,16.0,46.0,44.0
Dempsters,adbm,33,0.12396694214876033,0.8554277119522518,2.0,8.0,7.0,351.0,23.0,424.0,394.0
Dempsters,niche,33,0.09825528007346189,0.9097640401823668,2.0,9.0,1.0,49.0,27.0,77.0,153.0
Dempsters,bodymassratio,33,0.09733700642791551,0.8995589800285673,3.0,8.0,8.0,316.0,52.0,169.0,192.0
German,adbm,19,0.14127423822714683,0.9127070992110357,2.0,7.0,3.0,70.0,16.0,95.0,88.0
German,niche,19,0.09695290858725762,0.9130446213093103,2.0,7.0,6.0,34.0,11.0,17.0,36.0
German,bodymassratio,19,0.09418282548476455,0.9188141813621472,4.0,5.0,6.0,49.0,3.0,34.0,36.0
Healy,adbm,19,0.1745152354570637,0.8750975572823798,3.0,4.0,3.0,101.0,23.0,98.0,141.0
Healy,niche,19,0.12188365650969529,0.9155797206241186,2.0,4.0,5.0,43.0,7.0,30.0,24.0
Healy,bodymassratio,19,0.13850415512465375,0.922165817889889,1.0,2.0,2.0,103.0,23.0,47.0,42.0
Kyeburn,adbm,20,0.115,0.8610311159227972,2.0,9.0,4.0,41.0,15.0,76.0,91.0
Kyeburn,niche,20,0.135,0.9034054567984913,2.0,8.0,0.0,28.0,7.0,24.0,74.0
Kyeburn,bodymassratio,20,0.135,0.9369630230668543,5.0,2.0,3.0,120.0,12.0,58.0,61.0
Little,adbm,15,0.07111111111111111,0.800935343202911,2.0,10.0,10.0,0.0,2.0,22.0,19.0
Little,niche,15,0.1288888888888889,0.9588296923730959,2.0,3.0,2.0,10.0,2.0,31.0,20.0
Little,bodymassratio,15,0.08888888888888889,0.9533033708695997,3.0,6.0,7.0,20.0,6.0,14.0,13.0
Narrowdale,adbm,16,0.0,0.0,1.0,16.0,16.0,0.0,0.0,0.0,0.0
Narrowdale,niche,16,0.09375,0.9459533845749433,1.0,7.0,3.0,12.0,0.0,5.0,7.0
Narrowdale,bodymassratio,16,0.109375,0.9310359789107352,3.0,2.0,4.0,40.0,7.0,18.0,26.0
NorthCol,adbm,22,0.11363636363636363,0.8313830189593951,2.0,10.0,11.0,47.0,28.0,124.0,90.0
NorthCol,niche,22,0.11570247933884298,0.915948997132789,2.0,3.0,4.0,20.0,12.0,28.0,13.0
NorthCol,bodymassratio,22,0.13636363636363635,0.8870660385035946,3.0,6.0,4.0,92.0,36.0,103.0,122.0
Powder,adbm,23,0.1266540642722117,0.8713024560993675,2.0,12.0,3.0,100.0,18.0,81.0,194.0
Powder,niche,23,0.1323251417769376,0.903009983963396,3.0,6.0,0.0,23.0,28.0,53.0,71.0
Powder,bodymassratio,23,0.1266540642722117,0.89725576923236,4.0,5.0,4.0,160.0,36.0,72.0,84.0
Stony,adbm,26,0.08579881656804733,0.8440848987078114,2.0,16.0,4.0,43.0,2.0,129.0,187.0
Stony,niche,26,0.10355029585798817,0.9002705448269456,2.0,7.0,6.0,26.0,15.0,45.0,49.0
Stony,bodymassratio,26,0.15976331360946747,0.8722227406353532,3.0,4.0,5.0,320.0,69.0,212.0,227.0
Sutton,adbm,24,0.10416666666666667,0.895451572915199,2.0,9.0,3.0,64.0,19.0,87.0,201.0
Sutton,niche,24,0.09027777777777778,0.9202140136151409,2.0,7.0,4.0,39.0,5.0,41.0,41.0
Sutton,bodymassratio,24,0.1423611111111111,0.8785738069339782,1.0,3.0,5.0,159.0,27.0,154.0,180.0
Venlaw,adbm,22,0.05165289256198347,0.9572616579385049,2.0,18.0,4.0,17.0,7.0,0.0,68.0
Venlaw,niche,22,0.17148760330578514,0.8623043683334854,2.0,6.0,2.0,21.0,21.0,20.0,80.0
Venlaw,bodymassratio,22,0.10743801652892562,0.9277793139071493,4.0,3.0,3.0,104.0,13.0,51.0,50.0
AkatoreB,adbm,15,0.08,0.8495642531664254,1.0,7.0,10.0,10.0,4.0,25.0,12.0
AkatoreB,niche,15,0.08444444444444445,0.9219390411792402,2.0,7.0,5.0,3.0,1.0,5.0,16.0
AkatoreB,bodymassratio,15,0.16444444444444445,0.9031732373097956,2.0,5.0,1.0,51.0,12.0,34.0,52.0
Berwick,adbm,25,0.0416,0.839743871718411,2.0,21.0,11.0,5.0,1.0,15.0,85.0
Berwick,niche,25,0.1216,0.8930476083821184,2.0,5.0,2.0,37.0,39.0,86.0,127.0
Berwick,bodymassratio,25,0.1392,0.9029709023725464,3.0,5.0,4.0,228.0,49.0,135.0,139.0
Blackrock,adbm,21,0.11564625850340136,0.8333246121135378,1.0,5.0,14.0,24.0,22.0,194.0,54.0
Blackrock,niche,21,0.1836734693877551,0.8644098128603191,2.0,6.0,0.0,53.0,45.0,56.0,88.0
Blackrock,bodymassratio,21,0.14512471655328799,0.8910059852753849,3.0,3.0,3.0,128.0,22.0,96.0,130.0
Broad,adbm,25,0.1184,0.8155645019586002,2.0,13.0,3.0,48.0,35.0,220.0,177.0
Broad,niche,25,0.1056,0.882319266364121,1.0,4.0,8.0,46.0,0.0,124.0,54.0
Broad,bodymassratio,25,0.1344,0.86966202546946,4.0,5.0,5.0,194.0,22.0,182.0,192.0
Canton,adbm,23,0.14744801512287334,0.7627257850652904,2.0,13.0,8.0,33.0,12.0,239.0,272.0
Canton,niche,23,0.09829867674858223,0.9117378368745889,2.0,5.0,9.0,49.0,17.0,90.0,50.0
Canton,bodymassratio,23,0.14177693761814744,0.8811009653601566,3.0,4.0,7.0,193.0,28.0,141.0,106.0
Catlins,adbm,20,0.0775,0.8901486801487828,2.0,14.0,2.0,21.0,4.0,19.0,72.0
Catlins,niche,20,0.0825,0.9016945640322744,3.0,10.0,8.0,10.0,0.0,20.0,41.0
Catlins,bodymassratio,20,0.1125,0.9055502163969759,2.0,5.0,5.0,89.0,17.0,38.0,41.0
Dempsters,adbm,33,0.12396694214876033,0.8554277119522518,2.0,8.0,7.0,351.0,23.0,424.0,394.0
Dempsters,niche,33,0.09641873278236915,0.9374830939522859,2.0,7.0,4.0,204.0,28.0,201.0,237.0
Dempsters,bodymassratio,33,0.08907254361799816,0.9040184620653382,3.0,9.0,8.0,262.0,38.0,144.0,159.0
German,adbm,19,0.14127423822714683,0.9127070992110357,2.0,7.0,3.0,70.0,16.0,95.0,88.0
German,niche,19,0.08587257617728532,0.9459848909065596,2.0,7.0,7.0,18.0,1.0,23.0,20.0
German,bodymassratio,19,0.09695290858725762,0.8961927327796968,3.0,6.0,7.0,44.0,8.0,36.0,41.0
Healy,adbm,19,0.1745152354570637,0.8750975572823798,3.0,4.0,3.0,101.0,23.0,98.0,141.0
Healy,niche,19,0.1440443213296399,0.893434293541582,2.0,5.0,7.0,33.0,23.0,56.0,49.0
Healy,bodymassratio,19,0.13850415512465375,0.8999343595760634,4.0,3.0,4.0,109.0,25.0,50.0,43.0
Kyeburn,adbm,20,0.115,0.8610311159227972,2.0,9.0,4.0,41.0,15.0,76.0,91.0
Kyeburn,niche,20,0.1225,0.9056280001147605,2.0,7.0,6.0,16.0,3.0,56.0,67.0
Kyeburn,bodymassratio,20,0.1475,0.9011750474527042,5.0,2.0,3.0,140.0,17.0,71.0,76.0
Little,adbm,15,0.07111111111111111,0.800935343202911,2.0,10.0,10.0,0.0,2.0,22.0,19.0
Little,niche,15,0.09777777777777778,0.9437140957162856,2.0,7.0,2.0,9.0,4.0,8.0,16.0
Little,bodymassratio,15,0.09333333333333334,0.9432800156301335,3.0,7.0,5.0,24.0,6.0,10.0,21.0
Narrowdale,adbm,16,0.0,0.0,1.0,16.0,16.0,0.0,0.0,0.0,0.0
Narrowdale,niche,16,0.1015625,0.9101675585195426,2.0,7.0,4.0,15.0,1.0,17.0,25.0
Narrowdale,bodymassratio,16,0.109375,0.9171872541645478,3.0,3.0,4.0,39.0,8.0,18.0,29.0
NorthCol,adbm,22,0.11363636363636363,0.8313830189593951,2.0,10.0,11.0,47.0,28.0,124.0,90.0
NorthCol,niche,22,0.10950413223140495,0.9136854456697563,1.0,4.0,4.0,18.0,12.0,32.0,34.0
NorthCol,bodymassratio,22,0.14256198347107438,0.8806993765162161,3.0,6.0,4.0,100.0,36.0,119.0,124.0
Powder,adbm,23,0.1266540642722117,0.8713024560993675,2.0,12.0,3.0,100.0,18.0,81.0,194.0
Powder,niche,23,0.11342155009451796,0.9283334727731457,2.0,6.0,0.0,43.0,16.0,65.0,94.0
Powder,bodymassratio,23,0.11909262759924386,0.9258010057144908,4.0,4.0,4.0,151.0,28.0,58.0,77.0
Stony,adbm,26,0.08579881656804733,0.8440848987078114,2.0,16.0,4.0,43.0,2.0,129.0,187.0
Stony,niche,26,0.07988165680473373,0.9225788185911394,2.0,9.0,3.0,44.0,18.0,38.0,151.0
Stony,bodymassratio,26,0.15236686390532544,0.9016065878598953,4.0,4.0,4.0,299.0,64.0,182.0,196.0
Sutton,adbm,24,0.10416666666666667,0.895451572915199,2.0,9.0,3.0,64.0,19.0,87.0,201.0
Sutton,niche,24,0.11284722222222222,0.9200648319840894,3.0,6.0,1.0,27.0,6.0,29.0,21.0
Sutton,bodymassratio,24,0.14583333333333334,0.9039557894239886,1.0,3.0,3.0,181.0,35.0,148.0,151.0
Venlaw,adbm,22,0.05165289256198347,0.9572616579385049,2.0,18.0,4.0,17.0,7.0,0.0,68.0
Venlaw,niche,22,0.08264462809917356,0.9121941633638483,3.0,11.0,3.0,2.0,0.0,14.0,8.0
Venlaw,bodymassratio,22,0.1012396694214876,0.9405139146960062,5.0,4.0,3.0,97.0,11.0,40.0,46.0
AkatoreB,adbm,15,0.08,0.8495642531664254,1.0,7.0,10.0,10.0,4.0,25.0,12.0
AkatoreB,niche,15,0.12444444444444444,0.9381006190765295,4.0,4.0,1.0,0.0,0.0,6.0,1.0
AkatoreB,bodymassratio,15,0.17333333333333334,0.8748357875893664,2.0,6.0,2.0,51.0,14.0,43.0,61.0
Berwick,adbm,25,0.0416,0.839743871718411,2.0,21.0,11.0,5.0,1.0,15.0,85.0
Berwick,niche,25,0.1168,0.9115729708724333,2.0,7.0,0.0,38.0,23.0,94.0,112.0
Berwick,bodymassratio,25,0.1376,0.8918700176261756,3.0,5.0,4.0,217.0,45.0,145.0,120.0
Blackrock,adbm,21,0.11564625850340136,0.8333246121135378,1.0,5.0,14.0,24.0,22.0,194.0,54.0
Blackrock,niche,21,0.10204081632653061,0.928286604415977,3.0,6.0,0.0,12.0,2.0,13.0,19.0
Blackrock,bodymassratio,21,0.14285714285714285,0.8970113573473293,3.0,3.0,3.0,115.0,25.0,100.0,110.0
Broad,adbm,25,0.1184,0.8155645019586002,2.0,13.0,3.0,48.0,35.0,220.0,177.0
Broad,niche,25,0.0672,0.910053111998615,2.0,8.0,13.0,33.0,23.0,60.0,37.0
Broad,bodymassratio,25,0.1264,0.8710477531137549,3.0,6.0,6.0,178.0,17.0,162.0,167.0
Canton,adbm,23,0.14744801512287334,0.7627257850652904,2.0,13.0,8.0,33.0,12.0,239.0,272.0
Canton,niche,23,0.09073724007561437,0.9242250783578193,2.0,7.0,6.0,18.0,9.0,44.0,62.0
Canton,bodymassratio,23,0.13799621928166353,0.8982301207971474,3.0,4.0,7.0,193.0,32.0,122.0,108.0
Catlins,adbm,20,0.0775,0.8901486801487828,2.0,14.0,2.0,21.0,4.0,19.0,72.0
Catlins,niche,20,0.0825,0.9397874263685237,2.0,5.0,4.0,22.0,4.0,12.0,21.0
Catlins,bodymassratio,20,0.1125,0.909191180870646,3.0,4.0,5.0,96.0,13.0,45.0,40.0
Dempsters,adbm,33,0.12396694214876033,0.8554277119522518,2.0,8.0,7.0,351.0,23.0,424.0,394.0
Dempsters,niche,33,0.0881542699724518,0.9211951225221582,2.0,6.0,2.0,80.0,20.0,72.0,72.0
Dempsters,bodymassratio,33,0.09182736455463728,0.9108409790004199,3.0,8.0,8.0,281.0,38.0,155.0,177.0
German,adbm,19,0.14127423822714683,0.9127070992110357,2.0,7.0,3.0,70.0,16.0,95.0,88.0
German,niche,19,0.1440443213296399,0.8959175841787177,2.0,5.0,5.0,22.0,7.0,36.0,35.0
German,bodymassratio,19,0.0886426592797784,0.934724977107404,3.0,4.0,7.0,39.0,5.0,34.0,27.0
Healy,adbm,19,0.1745152354570637,0.8750975572823798,3.0,4.0,3.0,101.0,23.0,98.0,141.0
Healy,niche,19,0.06925207756232687,0.9511090099452111,2.0,7.0,4.0,11.0,5.0,13.0,14.0
Healy,bodymassratio,19,0.13019390581717452,0.9210861970755289,1.0,2.0,2.0,101.0,17.0,41.0,39.0
Kyeburn,adbm,20,0.115,0.8610311159227972,2.0,9.0,4.0,41.0,15.0,76.0,91.0
Kyeburn,niche,20,0.0725,0.9271259167701368,2.0,9.0,6.0,7.0,1.0,5.0,11.0
Kyeburn,bodymassratio,20,0.14,0.9112940491872134,5.0,2.0,3.0,129.0,15.0,69.0,64.0
Little,adbm,15,0.07111111111111111,0.800935343202911,2.0,10.0,10.0,0.0,2.0,22.0,19.0
Little,niche,15,0.10222222222222223,0.9105820051557701,2.0,9.0,2.0,2.0,4.0,4.0,27.0
Little,bodymassratio,15,0.1111111111111111,0.9048123530955221,3.0,5.0,5.0,32.0,6.0,23.0,32.0
Narrowdale,adbm,16,0.0,0.0,1.0,16.0,16.0,0.0,0.0,0.0,0.0
Narrowdale,niche,16,0.07421875,0.934013950095026,2.0,6.0,7.0,18.0,3.0,14.0,11.0
Narrowdale,bodymassratio,16,0.10546875,0.9329151201315941,3.0,3.0,4.0,36.0,8.0,14.0,25.0
NorthCol,adbm,22,0.11363636363636363,0.8313830189593951,2.0,10.0,11.0,47.0,28.0,124.0,90.0
NorthCol,niche,22,0.11776859504132231,0.908740327658214,2.0,6.0,3.0,73.0,32.0,39.0,123.0
NorthCol,bodymassratio,22,0.1487603305785124,0.8790114896540462,3.0,6.0,3.0,110.0,35.0,125.0,135.0
Powder,adbm,23,0.1266540642722117,0.8713024560993675,2.0,12.0,3.0,100.0,18.0,81.0,194.0
Powder,niche,23,0.1266540642722117,0.9026955424845519,4.0,8.0,0.0,17.0,4.0,29.0,40.0
Powder,bodymassratio,23,0.13043478260869565,0.9080555136973852,4.0,4.0,4.0,175.0,32.0,86.0,85.0
Stony,adbm,26,0.08579881656804733,0.8440848987078114,2.0,16.0,4.0,43.0,2.0,129.0,187.0
Stony,niche,26,0.10207100591715976,0.8941345793080208,3.0,9.0,0.0,11.0,6.0,45.0,44.0
Stony,bodymassratio,26,0.15384615384615385,0.8873697341846639,4.0,3.0,4.0,305.0,56.0,192.0,208.0
Sutton,adbm,24,0.10416666666666667,0.895451572915199,2.0,9.0,3.0,64.0,19.0,87.0,201.0
Sutton,niche,24,0.09722222222222222,0.8913429692456049,2.0,10.0,6.0,30.0,21.0,29.0,74.0
Sutton,bodymassratio,24,0.14583333333333334,0.8966611365267504,4.0,3.0,2.0,168.0,33.0,140.0,186.0
Venlaw,adbm,22,0.05165289256198347,0.9572616579385049,2.0,18.0,4.0,17.0,7.0,0.0,68.0
Venlaw,niche,22,0.07851239669421488,0.9192639723384243,2.0,9.0,4.0,27.0,3.0,16.0,30.0
Venlaw,bodymassratio,22,0.09917355371900827,0.9336533723841618,5.0,3.0,3.0,95.0,8.0,43.0,44.0
AkatoreB,adbm,15,0.08,0.8495642531664254,1.0,7.0,10.0,10.0,4.0,25.0,12.0
AkatoreB,niche,15,0.08,0.9134056749714498,2.0,6.0,7.0,11.0,6.0,8.0,8.0
AkatoreB,bodymassratio,15,0.15555555555555556,0.8855373553807067,2.0,6.0,3.0,39.0,12.0,41.0,46.0
Berwick,adbm,25,0.0416,0.839743871718411,2.0,21.0,11.0,5.0,1.0,15.0,85.0
Berwick,niche,25,0.0992,0.8986984731211054,2.0,7.0,2.0,43.0,26.0,45.0,40.0
Berwick,bodymassratio,25,0.1408,0.9021928585812962,3.0,5.0,3.0,219.0,56.0,135.0,124.0
Blackrock,adbm,21,0.11564625850340136,0.8333246121135378,1.0,5.0,14.0,24.0,22.0,194.0,54.0
Blackrock,niche,21,0.11791383219954649,0.9097818963868156,2.0,6.0,6.0,41.0,26.0,59.0,63.0
Blackrock,bodymassratio,21,0.14285714285714285,0.9043974334763649,3.0,3.0,3.0,128.0,23.0,92.0,110.0
Broad,adbm,25,0.1184,0.8155645019586002,2.0,13.0,3.0,48.0,35.0,220.0,177.0
Broad,niche,25,0.0864,0.9113823399612512,2.0,9.0,6.0,32.0,8.0,28.0,60.0
Broad,bodymassratio,25,0.128,0.8845976792654529,4.0,6.0,4.0,164.0,23.0,156.0,182.0
Canton,adbm,23,0.14744801512287334,0.7627257850652904,2.0,13.0,8.0,33.0,12.0,239.0,272.0
Canton,niche,23,0.11342155009451796,0.8996449419485657,2.0,7.0,5.0,21.0,7.0,40.0,37.0
Canton,bodymassratio,23,0.13610586011342155,0.8857833123142955,3.0,4.0,7.0,179.0,24.0,119.0,112.0
Catlins,adbm,20,0.0775,0.8901486801487828,2.0,14.0,2.0,21.0,4.0,19.0,72.0
Catlins,niche,20,0.0525,0.9574310581472117,2.0,13.0,3.0,0.0,0.0,3.0,21.0
Catlins,bodymassratio,20,0.105,0.9190116722523927,3.0,5.0,5.0,77.0,15.0,31.0,32.0
Dempsters,adbm,33,0.12396694214876033,0.8554277119522518,2.0,8.0,7.0,351.0,23.0,424.0,394.0
Dempsters,niche,33,0.11294765840220386,0.8964570589744725,2.0,8.0,0.0,129.0,40.0,65.0,135.0
Dempsters,bodymassratio,33,0.09182736455463728,0.9033935262293664,3.0,8.0,8.0,277.0,45.0,155.0,177.0
German,adbm,19,0.14127423822714683,0.9127070992110357,2.0,7.0,3.0,70.0,16.0,95.0,88.0
German,niche,19,0.055401662049861494,0.9643781579195906,2.0,7.0,9.0,11.0,1.0,15.0,14.0
German,bodymassratio,19,0.09695290858725762,0.9203936784149627,3.0,6.0,6.0,50.0,5.0,34.0,40.0
Healy,adbm,19,0.1745152354570637,0.8750975572823798,3.0,4.0,3.0,101.0,23.0,98.0,141.0
Healy,niche,19,0.10803324099722991,0.9210097995645631,3.0,7.0,0.0,24.0,5.0,19.0,21.0
Healy,bodymassratio,19,0.1440443213296399,0.9158490125169949,1.0,2.0,2.0,119.0,24.0,48.0,49.0
Kyeburn,adbm,20,0.115,0.8610311159227972,2.0,9.0,4.0,41.0,15.0,76.0,91.0
Kyeburn,niche,20,0.0975,0.9364182011805449,2.0,8.0,2.0,13.0,4.0,19.0,15.0
Kyeburn,bodymassratio,20,0.1275,0.9162358252536575,5.0,3.0,3.0,102.0,17.0,44.0,53.0
Little,adbm,15,0.07111111111111111,0.800935343202911,2.0,10.0,10.0,0.0,2.0,22.0,19.0
Little,niche,15,0.07111111111111111,0.9231532722844703,2.0,8.0,10.0,6.0,3.0,15.0,11.0
Little,bodymassratio,15,0.1111111111111111,0.9296489346437778,3.0,5.0,5.0,31.0,6.0,22.0,28.0
Narrowdale,adbm,16,0.0,0.0,1.0,16.0,16.0,0.0,0.0,0.0,0.0
Narrowdale,niche,16,0.13671875,0.8530276860533992,2.0,5.0,7.0,26.0,8.0,68.0,48.0
Narrowdale,bodymassratio,16,0.109375,0.9335778352950115,3.0,2.0,4.0,36.0,7.0,19.0,30.0
NorthCol,adbm,22,0.11363636363636363,0.8313830189593951,2.0,10.0,11.0,47.0,28.0,124.0,90.0
NorthCol,niche,22,0.12603305785123967,0.8886512413816032,2.0,4.0,5.0,31.0,14.0,45.0,114.0
NorthCol,bodymassratio,22,0.13636363636363635,0.9079372858963606,3.0,6.0,3.0,94.0,26.0,106.0,121.0
Powder,adbm,23,0.1266540642722117,0.8713024560993675,2.0,12.0,3.0,100.0,18.0,81.0,194.0
Powder,niche,23,0.09262759924385633,0.922225564664535,1.0,6.0,6.0,25.0,3.0,26.0,29.0
Powder,bodymassratio,23,0.1285444234404537,0.9026259665523526,4.0,4.0,4.0,169.0,34.0,66.0,96.0
Stony,adbm,26,0.08579881656804733,0.8440848987078114,2.0,16.0,4.0,43.0,2.0,129.0,187.0
Stony,niche,26,0.11390532544378698,0.9072253796188977,2.0,6.0,0.0,59.0,10.0,51.0,74.0
Stony,bodymassratio,26,0.15680473372781065,0.8736793562382172,3.0,4.0,5.0,316.0,53.0,219.0,225.0
Sutton,adbm,24,0.10416666666666667,0.895451572915199,2.0,9.0,3.0,64.0,19.0,87.0,201.0
Sutton,niche,24,0.1232638888888889,0.8770510484049509,2.0,10.0,2.0,6.0,1.0,4.0,23.0
Sutton,bodymassratio,24,0.1545138888888889,0.8981930924580802,4.0,3.0,2.0,203.0,41.0,161.0,180.0
Venlaw,adbm,22,0.05165289256198347,0.9572616579385049,2.0,18.0,4.0,17.0,7.0,0.0,68.0
Venlaw,niche,22,0.0743801652892562,0.9468028669154107,2.0,6.0,3.0,27.0,8.0,8.0,22.0
Venlaw,bodymassratio,22,0.1012396694214876,0.9296992557035954,4.0,5.0,3.0,92.0,13.0,47.0,48.0
AkatoreB,adbm,15,0.08,0.8495642531664254,1.0,7.0,10.0,10.0,4.0,25.0,12.0
AkatoreB,niche,15,0.13777777777777778,0.8961451851911005,2.0,6.0,1.0,22.0,15.0,10.0,66.0
AkatoreB,bodymassratio,15,0.16444444444444445,0.9093231789494827,2.0,5.0,1.0,48.0,13.0,33.0,50.0
Berwick,adbm,25,0.0416,0.839743871718411,2.0,21.0,11.0,5.0,1.0,15.0,85.0
Berwick,niche,25,0.1392,0.8567615014085879,2.0,7.0,6.0,70.0,38.0,140.0,215.0
Berwick,bodymassratio,25,0.1456,0.8890442253565607,3.0,6.0,4.0,245.0,62.0,141.0,137.0
Blackrock,adbm,21,0.11564625850340136,0.8333246121135378,1.0,5.0,14.0,24.0,22.0,194.0,54.0
Blackrock,niche,21,0.08616780045351474,0.8628672937985234,2.0,12.0,8.0,18.0,10.0,32.0,49.0
Blackrock,bodymassratio,21,0.1292517006802721,0.9133668294768343,3.0,3.0,2.0,114.0,9.0,75.0,95.0
Broad,adbm,25,0.1184,0.8155645019586002,2.0,13.0,3.0,48.0,35.0,220.0,177.0
Broad,niche,25,0.0896,0.8902645873460973,2.0,9.0,8.0,50.0,32.0,48.0,96.0
Broad,bodymassratio,25,0.1152,0.8957706326070536,4.0,6.0,4.0,138.0,16.0,125.0,136.0
Canton,adbm,23,0.14744801512287334,0.7627257850652904,2.0,13.0,8.0,33.0,12.0,239.0,272.0
Canton,niche,23,0.09262759924385633,0.9152953299445152,2.0,6.0,2.0,34.0,4.0,25.0,28.0
Canton,bodymassratio,23,0.14366729678638943,0.8859074411947381,3.0,4.0,7.0,200.0,31.0,135.0,119.0
Catlins,adbm,20,0.0775,0.8901486801487828,2.0,14.0,2.0,21.0,4.0,19.0,72.0
Catlins,niche,20,0.115,0.9310986324984206,1.0,6.0,0.0,29.0,1.0,26.0,47.0
Catlins,bodymassratio,20,0.1075,0.9078525451338374,3.0,4.0,6.0,77.0,15.0,38.0,30.0
Dempsters,adbm,33,0.12396694214876033,0.8554277119522518,2.0,8.0,7.0,351.0,23.0,424.0,394.0
Dempsters,niche,33,0.1046831955922865,0.8999476335287416,2.0,11.0,5.0,107.0,25.0,109.0,230.0
Dempsters,bodymassratio,33,0.0945821854912764,0.8957154334631099,4.0,9.0,8.0,298.0,42.0,162.0,193.0
German,adbm,19,0.14127423822714683,0.9127070992110357,2.0,7.0,3.0,70.0,16.0,95.0,88.0
German,niche,19,0.12188365650969529,0.8963233388802203,2.0,7.0,4.0,17.0,5.0,35.0,43.0
German,bodymassratio,19,0.09695290858725762,0.9154457874335513,3.0,4.0,6.0,52.0,6.0,38.0,34.0
Healy,adbm,19,0.1745152354570637,0.8750975572823798,3.0,4.0,3.0,101.0,23.0,98.0,141.0
Healy,niche,19,0.10526315789473684,0.9129756572606402,2.0,6.0,7.0,17.0,2.0,8.0,12.0
Healy,bodymassratio,19,0.13019390581717452,0.9195027403550752,1.0,2.0,3.0,94.0,19.0,43.0,36.0
Kyeburn,adbm,20,0.115,0.8610311159227972,2.0,9.0,4.0,41.0,15.0,76.0,91.0
Kyeburn,niche,20,0.075,0.9052578927182565,2.0,10.0,7.0,9.0,2.0,19.0,38.0
Kyeburn,bodymassratio,20,0.135,0.9175502783543517,5.0,2.0,3.0,116.0,17.0,53.0,59.0
Little,adbm,15,0.07111111111111111,0.800935343202911,2.0,10.0,10.0,0.0,2.0,22.0,19.0
Little,niche,15,0.1111111111111111,0.9263733461284414,2.0,4.0,5.0,12.0,8.0,10.0,6.0
Little,bodymassratio,15,0.09333333333333334,0.9460905501864617,3.0,6.0,5.0,20.0,6.0,13.0,19.0
Narrowdale,adbm,16,0.0,0.0,1.0,16.0,16.0,0.0,0.0,0.0,0.0
Narrowdale,niche,16,0.1171875,0.9338577474393157,2.0,7.0,1.0,9.0,4.0,4.0,18.0
Narrowdale,bodymassratio,16,0.09765625,0.9370209983590807,3.0,3.0,4.0,32.0,6.0,16.0,21.0
NorthCol,adbm,22,0.11363636363636363,0.8313830189593951,2.0,10.0,11.0,47.0,28.0,124.0,90.0
NorthCol,niche,22,0.10950413223140495,0.9139176468570975,2.0,7.0,1.0,16.0,8.0,16.0,74.0
NorthCol,bodymassratio,22,0.13429752066115702,0.8877457209765985,3.0,6.0,3.0,96.0,31.0,95.0,103.0
Powder,adbm,23,0.1266540642722117,0.8713024560993675,2.0,12.0,3.0,100.0,18.0,81.0,194.0
Powder,niche,23,0.09262759924385633,0.9069652541328121,2.0,7.0,6.0,29.0,13.0,25.0,84.0
Powder,bodymassratio,23,0.1342155009451796,0.8852234452893518,4.0,4.0,4.0,189.0,35.0,88.0,86.0
Stony,adbm,26,0.08579881656804733,0.8440848987078114,2.0,16.0,4.0,43.0,2.0,129.0,187.0
Stony,niche,26,0.09615384615384616,0.9128408069609445,3.0,10.0,5.0,12.0,2.0,13.0,11.0
Stony,bodymassratio,26,0.15976331360946747,0.8837616574456648,4.0,3.0,4.0,330.0,59.0,212.0,222.0
Sutton,adbm,24,0.10416666666666667,0.895451572915199,2.0,9.0,3.0,64.0,19.0,87.0,201.0
Sutton,niche,24,0.11805555555555555,0.8860196744474039,2.0,9.0,3.0,47.0,25.0,44.0,138.0
Sutton,bodymassratio,24,0.1440972222222222,0.8818987545700526,2.0,4.0,3.0,162.0,40.0,143.0,158.0
Venlaw,adbm,22,0.05165289256198347,0.9572616579385049,2.0,18.0,4.0,17.0,7.0,0.0,68.0
Venlaw,niche,22,0.10950413223140495,0.9212758467122234,2.0,5.0,5.0,71.0,20.0,43.0,51.0
Venlaw,bodymassratio,22,0.09710743801652892,0.9428269416245273,4.0,5.0,4.0,82.0,8.0,45.0,50.0
AkatoreB,adbm,15,0.08,0.8495642531664254,1.0,7.0,10.0,10.0,4.0,25.0,12.0
AkatoreB,niche,15,0.06666666666666667,0.9122569683456123,2.0,7.0,8.0,1.0,2.0,2.0,5.0
AkatoreB,bodymassratio,15,0.17777777777777778,0.8802789046719168,3.0,5.0,1.0,57.0,12.0,41.0,63.0
Berwick,adbm,25,0.0416,0.839743871718411,2.0,21.0,11.0,5.0,1.0,15.0,85.0
Berwick,niche,25,0.1088,0.9068665083471817,2.0,10.0,0.0,31.0,7.0,45.0,72.0
Berwick,bodymassratio,25,0.1392,0.8942622639732573,3.0,5.0,4.0,228.0,46.0,137.0,127.0
Blackrock,adbm,21,0.11564625850340136,0.8333246121135378,1.0,5.0,14.0,24.0,22.0,194.0,54.0
Blackrock,niche,21,0.10884353741496598,0.9160147043641653,1.0,7.0,2.0,44.0,6.0,25.0,39.0
Blackrock,bodymassratio,21,0.13378684807256236,0.9147784635917384,3.0,4.0,3.0,113.0,19.0,70.0,106.0
Broad,adbm,25,0.1184,0.8155645019586002,2.0,13.0,3.0,48.0,35.0,220.0,177.0
Broad,niche,25,0.1072,0.9039144401386799,2.0,9.0,6.0,23.0,32.0,70.0,107.0
Broad,bodymassratio,25,0.1312,0.8804739571934742,4.0,5.0,4.0,187.0,22.0,161.0,178.0
Canton,adbm,23,0.14744801512287334,0.7627257850652904,2.0,13.0,8.0,33.0,12.0,239.0,272.0
Canton,niche,23,0.14177693761814744,0.8572518488926297,2.0,10.0,3.0,26.0,12.0,28.0,120.0
Canton,bodymassratio,23,0.13799621928166353,0.8913158804952941,3.0,4.0,7.0,184.0,26.0,130.0,106.0
Catlins,adbm,20,0.0775,0.8901486801487828,2.0,14.0,2.0,21.0,4.0,19.0,72.0
Catlins,niche,20,0.11,0.9110143081967857,2.0,7.0,5.0,12.0,4.0,9.0,34.0
Catlins,bodymassratio,20,0.125,0.9045069435092475,2.0,4.0,5.0,115.0,17.0,52.0,45.0
Dempsters,adbm,33,0.12396694214876033,0.8554277119522518,2.0,8.0,7.0,351.0,23.0,424.0,394.0
Dempsters,niche,33,0.1147842056932966,0.8917330114665267,2.0,8.0,5.0,86.0,27.0,110.0,159.0
Dempsters,bodymassratio,33,0.09366391184573003,0.8940715577212812,3.0,10.0,9.0,293.0,44.0,170.0,198.0
German,adbm,19,0.14127423822714683,0.9127070992110357,2.0,7.0,3.0,70.0,16.0,95.0,88.0
German,niche,19,0.08033240997229917,0.9213635528928102,2.0,11.0,2.0,16.0,3.0,12.0,50.0
German,bodymassratio,19,0.10249307479224377,0.9239361854329096,3.0,4.0,6.0,56.0,7.0,39.0,42.0
Healy,adbm,19,0.1745152354570637,0.8750975572823798,3.0,4.0,3.0,101.0,23.0,98.0,141.0
Healy,niche,19,0.10249307479224377,0.9145505902975786,2.0,7.0,1.0,7.0,3.0,9.0,13.0
Healy,bodymassratio,19,0.1440443213296399,0.9112358439720571,1.0,2.0,2.0,115.0,28.0,44.0,43.0
Kyeburn,adbm,20,0.115,0.8610311159227972,2.0,9.0,4.0,41.0,15.0,76.0,91.0
Kyeburn,niche,20,0.0625,0.9266063824122046,3.0,12.0,6.0,2.0,0.0,4.0,7.0
Kyeburn,bodymassratio,20,0.135,0.9077255527010722,5.0,2.0,3.0,119.0,12.0,63.0,62.0
Little,adbm,15,0.07111111111111111,0.800935343202911,2.0,10.0,10.0,0.0,2.0,22.0,19.0
Little,niche,15,0.1288888888888889,0.9055386355300991,2.0,8.0,0.0,19.0,3.0,7.0,34.0
Little,bodymassratio,15,0.10666666666666667,0.9281100521003504,3.0,5.0,5.0,25.0,6.0,19.0,29.0
Narrowdale,adbm,16,0.0,0.0,1.0,16.0,16.0,0.0,0.0,0.0,0.0
Narrowdale,niche,16,0.05859375,0.9986686172509639,2.0,9.0,4.0,11.0,0.0,6.0,15.0
Narrowdale,bodymassratio,16,0.11328125,0.9232757637802822,3.0,3.0,4.0,39.0,9.0,16.0,33.0
NorthCol,adbm,22,0.11363636363636363,0.8313830189593951,2.0,10.0,11.0,47.0,28.0,124.0,90.0
NorthCol,niche,22,0.08884297520661157,0.925013697017838,3.0,10.0,1.0,17.0,5.0,9.0,31.0
NorthCol,bodymassratio,22,0.14256198347107438,0.886205460638364,3.0,6.0,4.0,108.0,34.0,111.0,127.0
Powder,adbm,23,0.1266540642722117,0.8713024560993675,2.0,12.0,3.0,100.0,18.0,81.0,194.0
Powder,niche,23,0.06994328922495274,0.9104456447526919,2.0,7.0,9.0,35.0,12.0,60.0,34.0
Powder,bodymassratio,23,0.13043478260869565,0.9012745951868378,4.0,4.0,4.0,166.0,34.0,90.0,86.0
Stony,adbm,26,0.08579881656804733,0.8440848987078114,2.0,16.0,4.0,43.0,2.0,129.0,187.0
Stony,niche,26,0.0650887573964497,0.9298767502848498,1.0,9.0,8.0,28.0,4.0,40.0,35.0
Stony,bodymassratio,26,0.15532544378698224,0.8921534276300386,4.0,5.0,4.0,314.0,61.0,194.0,221.0
Sutton,adbm,24,0.10416666666666667,0.895451572915199,2.0,9.0,3.0,64.0,19.0,87.0,201.0
Sutton,niche,24,0.09027777777777778,0.898405635310512,2.0,7.0,9.0,26.0,8.0,89.0,69.0
Sutton,bodymassratio,24,0.14930555555555555,0.8827329011810985,1.0,3.0,4.0,179.0,42.0,151.0,175.0
Venlaw,adbm,22,0.05165289256198347,0.9572616579385049,2.0,18.0,4.0,17.0,7.0,0.0,68.0
Venlaw,niche,22,0.0743801652892562,0.9045200484788477,2.0,11.0,9.0,24.0,7.0,37.0,45.0
Venlaw,bodymassratio,22,0.10537190082644628,0.9266366995318555,5.0,3.0,3.0,102.0,11.0,51.0,51.0
AkatoreB,adbm,15,0.08,0.8495642531664254,1.0,7.0,10.0,10.0,4.0,25.0,12.0
AkatoreB,niche,15,0.07111111111111111,0.9532475662715518,2.0,7.0,4.0,8.0,1.0,3.0,9.0
AkatoreB,bodymassratio,15,0.1511111111111111,0.8964457835227446,2.0,5.0,2.0,39.0,12.0,30.0,43.0
Berwick,adbm,25,0.0416,0.839743871718411,2.0,21.0,11.0,5.0,1.0,15.0,85.0
Berwick,niche,25,0.144,0.8661982723824256,2.0,8.0,4.0,28.0,5.0,31.0,55.0
Berwick,bodymassratio,25,0.136,0.9020962682451032,3.0,5.0,3.0,216.0,48.0,124.0,118.0
Blackrock,adbm,21,0.11564625850340136,0.8333246121135378,1.0,5.0,14.0,24.0,22.0,194.0,54.0
Blackrock,niche,21,0.10884353741496598,0.9045586557386113,2.0,7.0,3.0,18.0,16.0,12.0,41.0
Blackrock,bodymassratio,21,0.1360544217687075,0.9034388240894873,3.0,5.0,3.0,101.0,18.0,85.0,116.0
Broad,adbm,25,0.1184,0.8155645019586002,2.0,13.0,3.0,48.0,35.0,220.0,177.0
Broad,niche,25,0.0992,0.8983153503602958,2.0,9.0,6.0,29.0,19.0,51.0,66.0
Broad,bodymassratio,25,0.128,0.8859023962561425,4.0,4.0,5.0,174.0,25.0,165.0,163.0
Canton,adbm,23,0.14744801512287334,0.7627257850652904,2.0,13.0,8.0,33.0,12.0,239.0,272.0
Canton,niche,23,0.08128544423440454,0.9369338599108015,2.0,7.0,3.0,15.0,8.0,21.0,12.0
Canton,bodymassratio,23,0.14366729678638943,0.8895542623810735,3.0,4.0,7.0,202.0,33.0,136.0,116.0
Catlins,adbm,20,0.0775,0.8901486801487828,2.0,14.0,2.0,21.0,4.0,19.0,72.0
Catlins,niche,20,0.0875,0.8900606003909423,2.0,10.0,8.0,38.0,22.0,26.0,35.0
Catlins,bodymassratio,20,0.105,0.9108541055663905,3.0,4.0,6.0,79.0,10.0,40.0,34.0
Dempsters,adbm,33,0.12396694214876033,0.8554277119522518,2.0,8.0,7.0,351.0,23.0,424.0,394.0
Dempsters,niche,33,0.09182736455463728,0.9017307110794784,2.0,12.0,3.0,128.0,38.0,94.0,173.0
Dempsters,bodymassratio,33,0.09641873278236915,0.9006238202038965,3.0,8.0,8.0,302.0,45.0,184.0,189.0
German,adbm,19,0.14127423822714683,0.9127070992110357,2.0,7.0,3.0,70.0,16.0,95.0,88.0
German,niche,19,0.07756232686980609,0.9271706192999416,3.0,9.0,4.0,1.0,0.0,11.0,7.0
German,bodymassratio,19,0.10249307479224377,0.9126481630199949,3.0,4.0,6.0,57.0,6.0,42.0,40.0
Healy,adbm,19,0.1745152354570637,0.8750975572823798,3.0,4.0,3.0,101.0,23.0,98.0,141.0
Healy,niche,19,0.09695290858725762,0.9234915737798036,2.0,6.0,4.0,12.0,0.0,9.0,23.0
Healy,bodymassratio,19,0.12742382271468145,0.9206059378863003,1.0,2.0,2.0,92.0,17.0,35.0,37.0
Kyeburn,adbm,20,0.115,0.8610311159227972,2.0,9.0,4.0,41.0,15.0,76.0,91.0
Kyeburn,niche,20,0.0825,0.9451250763878071,2.0,6.0,3.0,11.0,3.0,7.0,14.0
Kyeburn,bodymassratio,20,0.135,0.9066573473023912,5.0,4.0,3.0,110.0,17.0,59.0,59.0
Little,adbm,15,0.07111111111111111,0.800935343202911,2.0,10.0,10.0,0.0,2.0,22.0,19.0
Little,niche,15,0.07555555555555556,0.9318288943238938,2.0,5.0,8.0,11.0,4.0,13.0,5.0
Little,bodymassratio,15,0.10222222222222223,0.9269047808048954,3.0,5.0,5.0,26.0,4.0,17.0,27.0
Narrowdale,adbm,16,0.0,0.0,1.0,16.0,16.0,0.0,0.0,0.0,0.0
Narrowdale,niche,16,0.1015625,0.9092907796684706,2.0,8.0,1.0,3.0,7.0,4.0,46.0
Narrowdale,bodymassratio,16,0.1015625,0.9362890343343594,3.0,3.0,4.0,33.0,7.0,13.0,22.0
NorthCol,adbm,22,0.11363636363636363,0.8313830189593951,2.0,10.0,11.0,47.0,28.0,124.0,90.0
NorthCol,niche,22,0.11776859504132231,0.9031017120712064,3.0,8.0,3.0,19.0,0.0,23.0,46.0
NorthCol,bodymassratio,22,0.12603305785123967,0.9037754737832215,3.0,6.0,4.0,87.0,26.0,87.0,96.0
Powder,adbm,23,0.1266540642722117,0.8713024560993675,2.0,12.0,3.0,100.0,18.0,81.0,194.0
Powder,niche,23,0.12098298676748583,0.9261387599087652,2.0,7.0,3.0,28.0,15.0,23.0,59.0
Powder,bodymassratio,23,0.12098298676748583,0.8990551798272802,4.0,6.0,4.0,144.0,31.0,66.0,81.0
Stony,adbm,26,0.08579881656804733,0.8440848987078114,2.0,16.0,4.0,43.0,2.0,129.0,187.0
Stony,niche,26,0.16272189349112426,0.882246329787116,2.0,4.0,0.0,25.0,11.0,33.0,31.0
Stony,bodymassratio,26,0.15088757396449703,0.8993074002204012,4.0,4.0,5.0,296.0,56.0,195.0,200.0
Sutton,adbm,24,0.10416666666666667,0.895451572915199,2.0,9.0,3.0,64.0,19.0,87.0,201.0
Sutton,niche,24,0.07118055555555555,0.9274042050842486,2.0,6.0,9.0,26.0,2.0,21.0,22.0
Sutton,bodymassratio,24,0.1545138888888889,0.8671379841467021,4.0,3.0,5.0,182.0,44.0,169.0,200.0
Venlaw,adbm,22,0.05165289256198347,0.9572616579385049,2.0,18.0,4.0,17.0,7.0,0.0,68.0
Venlaw,niche,22,0.10330578512396695,0.9173767003971967,2.0,8.0,1.0,24.0,14.0,30.0,72.0
Venlaw,bodymassratio,22,0.09297520661157024,0.9318780257278451,4.0,5.0,4.0,80.0,9.0,45.0,43.0
AkatoreB,adbm,15,0.08,0.8495642531664254,1.0,7.0,10.0,10.0,4.0,25.0,12.0
AkatoreB,niche,15,0.06222222222222222,0.9386526134664699,2.0,9.0,7.0,4.0,2.0,4.0,16.0
AkatoreB,bodymassratio,15,0.18222222222222223,0.8807533521841998,3.0,5.0,1.0,59.0,12.0,47.0,64.0
Berwick,adbm,25,0.0416,0.839743871718411,2.0,21.0,11.0,5.0,1.0,15.0,85.0
Berwick,niche,25,0.0608,0.9328318875619523,2.0,10.0,6.0,30.0,6.0,13.0,51.0
Berwick,bodymassratio,25,0.1344,0.9070474489087146,3.0,5.0,3.0,210.0,49.0,113.0,118.0
Blackrock,adbm,21,0.11564625850340136,0.8333246121135378,1.0,5.0,14.0,24.0,22.0,194.0,54.0
Blackrock,niche,21,0.07482993197278912,0.9249925705904646,1.0,8.0,3.0,27.0,3.0,14.0,46.0
Blackrock,bodymassratio,21,0.14512471655328799,0.895062743524038,3.0,3.0,3.0,131.0,21.0,86.0,139.0
Broad,adbm,25,0.1184,0.8155645019586002,2.0,13.0,3.0,48.0,35.0,220.0,177.0
Broad,niche,25,0.0768,0.9472908616897555,3.0,7.0,0.0,22.0,1.0,9.0,16.0
Broad,bodymassratio,25,0.128,0.8783996602160591,4.0,5.0,4.0,184.0,18.0,156.0,169.0
Canton,adbm,23,0.14744801512287334,0.7627257850652904,2.0,13.0,8.0,33.0,12.0,239.0,272.0
Canton,niche,23,0.0888468809073724,0.9151431683761615,2.0,7.0,8.0,28.0,17.0,68.0,35.0
Canton,bodymassratio,23,0.14177693761814744,0.890410930341805,3.0,4.0,7.0,191.0,31.0,128.0,109.0
Catlins,adbm,20,0.0775,0.8901486801487828,2.0,14.0,2.0,21.0,4.0,19.0,72.0
Catlins,niche,20,0.105,0.9322470059231374,2.0,6.0,0.0,25.0,4.0,12.0,32.0
Catlins,bodymassratio,20,0.125,0.897336531816344,2.0,4.0,6.0,115.0,20.0,56.0,47.0
Dempsters,adbm,33,0.12396694214876033,0.8554277119522518,2.0,8.0,7.0,351.0,23.0,424.0,394.0
Dempsters,niche,33,0.0707070707070707,0.9158365882806867,2.0,11.0,6.0,31.0,5.0,54.0,74.0
Dempsters,bodymassratio,33,0.0945821854912764,0.9091393911100977,3.0,8.0,8.0,287.0,48.0,170.0,189.0
German,adbm,19,0.14127423822714683,0.9127070992110357,2.0,7.0,3.0,70.0,16.0,95.0,88.0
German,niche,19,0.10803324099722991,0.8956113951713525,2.0,7.0,8.0,9.0,15.0,39.0,52.0
German,bodymassratio,19,0.09141274238227147,0.9342175202997547,3.0,5.0,6.0,44.0,7.0,32.0,27.0
Healy,adbm,19,0.1745152354570637,0.8750975572823798,3.0,4.0,3.0,101.0,23.0,98.0,141.0
Healy,niche,19,0.0886426592797784,0.9223159098435599,2.0,8.0,4.0,29.0,3.0,29.0,54.0
Healy,bodymassratio,19,0.13573407202216067,0.9195166965690537,1.0,3.0,2.0,103.0,21.0,44.0,45.0
Kyeburn,adbm,20,0.115,0.8610311159227972,2.0,9.0,4.0,41.0,15.0,76.0,91.0
Kyeburn,niche,20,0.075,0.9479596440728568,3.0,10.0,3.0,3.0,4.0,14.0,13.0
Kyeburn,bodymassratio,20,0.1325,0.9200133808414649,5.0,3.0,3.0,114.0,16.0,53.0,60.0
Little,adbm,15,0.07111111111111111,0.800935343202911,2.0,10.0,10.0,0.0,2.0,22.0,19.0
Little,niche,15,0.08444444444444445,0.8963271565883808,3.0,9.0,2.0,0.0,0.0,0.0,0.0
Little,bodymassratio,15,0.12,0.8950092878302645,3.0,5.0,5.0,36.0,8.0,24.0,37.0
Narrowdale,adbm,16,0.0,0.0,1.0,16.0,16.0,0.0,0.0,0.0,0.0
Narrowdale,niche,16,0.12890625,0.9293612762977395,2.0,4.0,0.0,14.0,7.0,11.0,16.0
Narrowdale,bodymassratio,16,0.109375,0.9232294426901548,3.0,2.0,4.0,33.0,8.0,18.0,32.0
NorthCol,adbm,22,0.11363636363636363,0.8313830189593951,2.0,10.0,11.0,47.0,28.0,124.0,90.0
NorthCol,niche,22,0.11363636363636363,0.9156897393388816,2.0,5.0,4.0,6.0,3.0,18.0,25.0
NorthCol,bodymassratio,22,0.1384297520661157,0.8992042694392487,3.0,6.0,3.0,100.0,31.0,97.0,113.0
Powder,adbm,23,0.1266540642722117,0.8713024560993675,2.0,12.0,3.0,100.0,18.0,81.0,194.0
Powder,niche,23,0.06994328922495274,0.9238771433225316,2.0,12.0,7.0,27.0,8.0,21.0,53.0
Powder,bodymassratio,23,0.13610586011342155,0.8820750170433109,4.0,4.0,4.0,191.0,45.0,85.0,94.0
Stony,adbm,26,0.08579881656804733,0.8440848987078114,2.0,16.0,4.0,43.0,2.0,129.0,187.0
Stony,niche,26,0.10355029585798817,0.9196097368411281,2.0,6.0,5.0,58.0,9.0,63.0,74.0
Stony,bodymassratio,26,0.15828402366863906,0.871975444411637,3.0,3.0,5.0,315.0,58.0,221.0,224.0
Sutton,adbm,24,0.10416666666666667,0.895451572915199,2.0,9.0,3.0,64.0,19.0,87.0,201.0
Sutton,niche,24,0.109375,0.9102184124117983,2.0,7.0,3.0,51.0,11.0,61.0,105.0
Sutton,bodymassratio,24,0.15625,0.873845114234763,4.0,3.0,3.0,205.0,37.0,170.0,207.0
Venlaw,adbm,22,0.05165289256198347,0.9572616579385049,2.0,18.0,4.0,17.0,7.0,0.0,68.0
Venlaw,niche,22,0.08057851239669421,0.9327569883610848,3.0,8.0,2.0,10.0,6.0,17.0,36.0
Venlaw,bodymassratio,22,0.09917355371900827,0.9347475418228157,4.0,3.0,3.0,82.0,11.0,48.0,45.0
