id,model,richness,connectance,deficiency,complexity,distance,basal,top,generality,vulnerability,S1,S2,S4,S5,time,extinction_mechanism,links
pre_traits,adbm,53,0.09967960128159488,0.3584905660377358,0.8928180502783507,1.0,4.0,1.0,3.5103000008248584,4.025769675528691,995.0,144.0,877.0,776.0,pre,random,280
pre_traits,adbm,53,0.10715557137771449,0.6226415094339622,0.8319099454738433,3.0,3.0,28.0,4.730317865826373,9.613239238166171,279.0,106.0,3001.0,1180.0,pre,generality_descending,301
pre_traits,adbm,60,0.09333333333333334,0.6666666666666666,0.8495034926376035,3.0,38.0,7.0,9.959579325402405,4.65122546272321,61.0,654.0,757.0,3045.0,pre,vulnerability_descending,336
pre_traits,adbm,53,0.16126735493058028,0.4528301886792453,0.867144725790254,3.0,5.0,1.0,6.326276209757841,6.817866905688795,1841.0,78.0,2840.0,2672.0,pre,size_descending,453
pre_traits,adbm,53,0.14880740477038093,0.4339622641509434,0.8717733944725934,3.0,5.0,1.0,5.531936569240087,6.024502460652122,1991.0,70.0,2313.0,2165.0,pre,motility_descending,418
pre_traits,adbm,53,0.08757564969740121,0.49056603773584906,0.8964852620556861,2.0,6.0,4.0,3.9276844794486223,4.132862388702018,502.0,105.0,787.0,744.0,pre,tiering_descending,246
pre_traits,adbm,53,0.2029191883232467,0.5660377358490566,0.8179645255233703,3.0,29.0,2.0,15.178306458152393,6.315139502623098,186.0,1769.0,2048.0,7001.0,pre,generality_ascending,570
pre_traits,adbm,53,0.13848344606621574,0.6792452830188679,0.8431515328881782,2.0,3.0,36.0,4.74318700156184,13.097186127953085,61.0,449.0,5244.0,1369.0,pre,vulnerability_ascending,389
pre_traits,adbm,53,0.247063011747953,0.33962264150943394,0.8305995691540583,3.0,3.0,2.0,11.120431907327847,7.7689325841986125,2573.0,2196.0,3570.0,5216.0,pre,size_ascending,694
pre_traits,adbm,54,0.08196159122085048,0.5555555555555556,0.8929330889049254,6.0,16.0,4.0,4.644338618356405,3.9170736663505643,551.0,262.0,554.0,719.0,pre,motility_ascending,239
pre_traits,adbm,53,0.09754360982556069,0.4339622641509434,0.8939735819399982,1.0,5.0,2.0,3.9939177269780326,3.82670700500797,609.0,266.0,686.0,720.0,pre,tiering_ascending,274
during_traits,adbm,53,0.15557137771448915,0.2830188679245283,0.8642168928579939,4.0,7.0,1.0,5.12124406601995,4.371699459976628,2586.0,749.0,1331.0,1516.0,during,random,437
during_traits,adbm,53,0.15272338910644356,0.2830188679245283,0.865566086785558,3.0,4.0,5.0,4.724177384408994,4.571080292040873,2603.0,677.0,1388.0,1425.0,during,generality_descending,429
during_traits,adbm,53,0.14845140619437522,0.3018867924528302,0.8739783431958434,5.0,4.0,1.0,4.887337389972709,4.057461009097725,2384.0,593.0,1267.0,1460.0,during,vulnerability_descending,417
during_traits,adbm,53,0.15485938056247775,0.2830188679245283,0.8659647051241797,5.0,4.0,1.0,4.912145428840475,4.35165083867843,2615.0,715.0,1345.0,1480.0,during,size_descending,435
during_traits,adbm,53,0.15272338910644356,0.2830188679245283,0.865566086785558,3.0,4.0,5.0,4.724177384408994,4.571080292040873,2603.0,677.0,1388.0,1425.0,during,motility_descending,429
during_traits,adbm,53,0.15272338910644356,0.2830188679245283,0.865566086785558,3.0,4.0,5.0,4.724177384408994,4.571080292040873,2603.0,677.0,1388.0,1425.0,during,tiering_descending,429
during_traits,adbm,53,0.15521537913848343,0.2830188679245283,0.8670566469989411,5.0,3.0,1.0,4.834338350376567,4.352901372974663,2604.0,732.0,1336.0,1451.0,during,generality_ascending,436
during_traits,adbm,53,0.15272338910644356,0.2830188679245283,0.865566086785558,3.0,4.0,5.0,4.724177384408994,4.571080292040873,2603.0,677.0,1388.0,1425.0,during,vulnerability_ascending,429
during_traits,adbm,53,0.15165539337842648,0.3018867924528302,0.8715518555635845,5.0,4.0,1.0,4.831635589253806,4.314386774105301,2482.0,691.0,1292.0,1415.0,during,size_ascending,426
during_traits,adbm,53,0.15485938056247775,0.2830188679245283,0.8659647051241797,5.0,4.0,1.0,4.912145428840475,4.35165083867843,2615.0,715.0,1345.0,1480.0,during,motility_ascending,435
during_traits,adbm,53,0.15485938056247775,0.2830188679245283,0.8659647051241797,5.0,4.0,1.0,4.912145428840475,4.35165083867843,2615.0,715.0,1345.0,1480.0,during,tiering_ascending,435
pre_size,bodymassratio,53,0.06585973656105376,0.22641509433962265,0.9185956319672808,4.0,8.0,5.0,2.2754766323144255,2.03453492615572,489.0,69.0,269.0,296.0,pre,random,185
pre_size,bodymassratio,53,0.07333570665717337,0.5094339622641509,0.9115615076326063,3.0,10.0,19.0,3.0487095464152505,4.200093301887153,317.0,44.0,712.0,495.0,pre,generality_descending,206
pre_size,bodymassratio,53,0.07582769668921324,0.5094339622641509,0.8979133675347633,2.0,19.0,8.0,5.044000877042472,2.7975990120495484,253.0,108.0,417.0,875.0,pre,vulnerability_descending,213
pre_size,bodymassratio,53,0.15485938056247775,0.3018867924528302,0.8989402505133148,4.0,2.0,3.0,4.537698885516406,4.382475988639465,2562.0,422.0,1645.0,1681.0,pre,size_descending,435
pre_size,bodymassratio,53,0.133499466002136,0.2641509433962264,0.8995043484368012,1.0,4.0,3.0,4.3626432381323665,4.127063850150862,2012.0,335.0,1247.0,1299.0,pre,motility_descending,375
pre_size,bodymassratio,53,0.07404770380918477,0.33962264150943394,0.9184205145340936,5.0,4.0,3.0,2.622748533385522,2.7724541794352913,550.0,109.0,395.0,374.0,pre,tiering_descending,208
pre_size,bodymassratio,56,0.07015306122448979,0.6607142857142857,0.8367535561785164,2.0,31.0,18.0,5.739360568936207,5.710778144262568,0.0,15.0,1204.0,1213.0,pre,generality_ascending,220
pre_size,bodymassratio,53,0.08472766108935564,0.6037735849056604,0.8749698223524311,2.0,17.0,17.0,5.531805385883159,5.475900493243217,49.0,161.0,1034.0,1050.0,pre,vulnerability_ascending,238
pre_size,bodymassratio,53,0.13029547881808473,0.2641509433962264,0.880475474060657,4.0,6.0,9.0,3.8343796556909666,4.528814375934289,2108.0,307.0,1307.0,1156.0,pre,size_ascending,366
pre_size,bodymassratio,53,0.07475970096119615,0.41509433962264153,0.9026377636961816,3.0,8.0,12.0,3.782359175023234,4.260562729855797,272.0,194.0,589.0,489.0,pre,motility_ascending,210
pre_size,bodymassratio,53,0.05411178355286579,0.39622641509433965,0.9350957349012665,1.0,8.0,7.0,2.175366775874611,2.121662409246549,365.0,42.0,217.0,223.0,pre,tiering_ascending,152
during_size,bodymassratio,54,0.0747599451303155,0.2777777777777778,0.9140844264795192,5.0,7.0,5.0,2.3867793328056193,2.3946714665199154,667.0,104.0,379.0,378.0,during,random,218
during_size,bodymassratio,54,0.0747599451303155,0.2777777777777778,0.9140844264795192,5.0,7.0,5.0,2.3867793328056193,2.3946714665199154,667.0,104.0,379.0,378.0,during,generality_descending,218
during_size,bodymassratio,54,0.0747599451303155,0.2777777777777778,0.9140844264795192,5.0,7.0,5.0,2.3867793328056193,2.3946714665199154,667.0,104.0,379.0,378.0,during,vulnerability_descending,218
during_size,bodymassratio,53,0.07760768956924172,0.2641509433962264,0.9140844264795192,5.0,6.0,4.0,2.342421309395723,2.350616755060832,667.0,104.0,379.0,378.0,during,size_descending,218
during_size,bodymassratio,53,0.07760768956924172,0.2641509433962264,0.9140844264795192,5.0,6.0,4.0,2.342421309395723,2.350616755060832,667.0,104.0,379.0,378.0,during,motility_descending,218
during_size,bodymassratio,53,0.07760768956924172,0.2641509433962264,0.9140844264795192,5.0,6.0,4.0,2.342421309395723,2.350616755060832,667.0,104.0,379.0,378.0,during,tiering_descending,218
during_size,bodymassratio,54,0.0747599451303155,0.2777777777777778,0.9140844264795192,5.0,7.0,5.0,2.3867793328056193,2.3946714665199154,667.0,104.0,379.0,378.0,during,generality_ascending,218
during_size,bodymassratio,54,0.0747599451303155,0.2777777777777778,0.9140844264795192,5.0,7.0,5.0,2.3867793328056193,2.3946714665199154,667.0,104.0,379.0,378.0,during,vulnerability_ascending,218
during_size,bodymassratio,54,0.0747599451303155,0.2777777777777778,0.9140844264795192,5.0,7.0,5.0,2.3867793328056193,2.3946714665199154,667.0,104.0,379.0,378.0,during,size_ascending,218
during_size,bodymassratio,54,0.0747599451303155,0.2777777777777778,0.9140844264795192,5.0,7.0,5.0,2.3867793328056193,2.3946714665199154,667.0,104.0,379.0,378.0,during,motility_ascending,218
during_size,bodymassratio,53,0.07760768956924172,0.2641509433962264,0.9140844264795192,5.0,6.0,4.0,2.342421309395723,2.350616755060832,667.0,104.0,379.0,378.0,during,tiering_ascending,218
pre_traits,lmatrix,53,0.04058383766464934,0.6037735849056604,0.9178027241409334,2.0,17.0,9.0,3.5809121443000995,2.142933166112911,286.0,1.0,184.0,398.0,pre,random,114
pre_traits,lmatrix,53,0.019579921680313278,0.7924528301886793,0.8956435444248435,2.0,10.0,42.0,0.6493269933300584,4.980586404117738,1.0,1.0,645.0,11.0,pre,generality_descending,55
pre_traits,lmatrix,53,0.041651833392666426,0.7924528301886793,0.8962317150048356,3.0,38.0,9.0,6.21214223723321,1.4852931666850997,7.0,1.0,127.0,1073.0,pre,vulnerability_descending,117
pre_traits,lmatrix,53,0.03880384478462086,0.660377358490566,0.9052648279601555,2.0,28.0,10.0,4.054508859280675,2.810797138095161,52.0,0.0,263.0,485.0,pre,size_descending,109
pre_traits,lmatrix,53,0.05767176931292275,0.6415094339622641,0.9126718140334981,3.0,27.0,7.0,5.5829930432300126,3.2487577172467175,109.0,4.0,437.0,973.0,pre,motility_descending,162
pre_traits,lmatrix,53,0.04699181203275187,0.6037735849056604,0.9188459374724253,3.0,18.0,16.0,3.4172787279074845,3.2262304838585583,635.0,2.0,367.0,400.0,pre,tiering_descending,132
pre_traits,lmatrix,53,0.11712353150587397,0.5094339622641509,0.8996671249689921,3.0,14.0,7.0,7.014705680996277,4.8649392855964715,1264.0,0.0,1472.0,2136.0,pre,generality_ascending,329
pre_traits,lmatrix,53,0.1327874688501246,0.5094339622641509,0.8793166573984027,3.0,12.0,14.0,5.030530879428377,8.534910806056732,1006.0,2.0,3018.0,1782.0,pre,vulnerability_ascending,373
pre_traits,lmatrix,53,0.0708437166251335,0.6226415094339622,0.8971532302866554,3.0,22.0,8.0,6.702197287162789,3.161703900268861,92.0,9.0,525.0,1433.0,pre,size_ascending,199
pre_traits,lmatrix,53,0.04699181203275187,0.660377358490566,0.9188595167335464,2.0,26.0,7.0,4.186161457751342,2.117896648068858,478.0,1.0,214.0,553.0,pre,motility_ascending,132
pre_traits,lmatrix,53,0.05482378070487718,0.5283018867924528,0.9247353967798301,3.0,16.0,7.0,3.644089793199374,2.2554562129627267,473.0,5.0,274.0,487.0,pre,tiering_ascending,154
during_traits,lmatrix,53,0.07689569241723034,0.39622641509433965,0.8937755402296346,3.0,17.0,7.0,3.9751587128632773,3.8871042049506643,708.0,6.0,719.0,737.0,during,random,216
during_traits,lmatrix,54,0.0747599451303155,0.4074074074074074,0.8961297501759193,3.0,18.0,7.0,4.028028980816857,3.860603936344592,721.0,6.0,720.0,755.0,during,generality_descending,218
during_traits,lmatrix,53,0.0704877180491278,0.4339622641509434,0.9027581341146877,3.0,18.0,7.0,3.8836488760137104,3.520002968728132,635.0,6.0,587.0,657.0,during,vulnerability_descending,198
during_traits,lmatrix,53,0.07618369526521894,0.41509433962264153,0.8945008620949912,3.0,18.0,8.0,4.028562752640122,3.8777583936665865,683.0,6.0,710.0,741.0,during,size_descending,214
during_traits,lmatrix,53,0.07333570665717337,0.41509433962264153,0.8915508066446954,3.0,18.0,18.0,3.9108349362257013,4.060411012534466,663.0,6.0,720.0,689.0,during,motility_descending,206
during_traits,lmatrix,53,0.07333570665717337,0.41509433962264153,0.8915508066446954,3.0,18.0,18.0,3.9108349362257013,4.060411012534466,663.0,6.0,720.0,689.0,during,tiering_descending,206
during_traits,lmatrix,53,0.07582769668921324,0.39622641509433965,0.8943624437683251,3.0,17.0,7.0,3.9099998329615144,3.8952168204574256,674.0,6.0,710.0,713.0,during,generality_ascending,213
during_traits,lmatrix,53,0.07404770380918477,0.41509433962264153,0.8975148976347761,3.0,18.0,6.0,3.979993508903547,3.6154000555517505,681.0,6.0,638.0,710.0,during,vulnerability_ascending,208
during_traits,lmatrix,53,0.07262370950516198,0.4339622641509434,0.9005703011832977,3.0,18.0,7.0,3.865011824119113,3.7230892177944748,681.0,6.0,645.0,673.0,during,size_ascending,204
during_traits,lmatrix,53,0.07618369526521894,0.41509433962264153,0.8945008620949912,3.0,18.0,8.0,4.028562752640122,3.8777583936665865,683.0,6.0,710.0,741.0,during,motility_ascending,214
during_traits,lmatrix,53,0.07618369526521894,0.41509433962264153,0.8945008620949912,3.0,18.0,8.0,4.028562752640122,3.8777583936665865,683.0,6.0,710.0,741.0,during,tiering_ascending,214
pre_traits,niche,53,0.12637949448202207,0.5094339622641509,0.8602993926454555,3.0,13.0,0.0,7.675096856468221,5.146264162777833,227.0,166.0,755.0,1008.0,pre,random,355
pre_traits,niche,53,0.029547881808472766,0.49056603773584906,0.9555580638640713,1.0,11.0,20.0,1.1008638908788537,1.9166219678850052,77.0,8.0,99.0,37.0,pre,generality_descending,83
pre_traits,niche,53,0.08330366678533285,0.8490566037735849,0.7565091646213656,2.0,44.0,0.0,12.957673643093843,0.9288943440819004,40.0,1.0,1.0,372.0,pre,vulnerability_descending,234
pre_traits,niche,53,0.21965112139551443,0.660377358490566,0.767480396174709,2.0,17.0,0.0,12.958653686633562,9.159052561899625,92.0,245.0,1378.0,1038.0,pre,generality_ascending,617
pre_traits,niche,53,0.13812744749021003,0.660377358490566,0.8232186833835425,3.0,23.0,0.0,9.298001408296262,6.3964340573649086,185.0,266.0,818.0,905.0,pre,vulnerability_ascending,388
during_traits,niche,54,0.09876543209876543,0.48148148148148145,0.8834612341172289,3.0,10.0,1.0,5.778946825771486,3.518147025149182,371.0,77.0,471.0,579.0,during,random,288
during_traits,niche,54,0.09876543209876543,0.48148148148148145,0.8834612341172289,3.0,10.0,1.0,5.778946825771486,3.518147025149182,371.0,77.0,471.0,579.0,during,generality_descending,288
during_traits,niche,54,0.09876543209876543,0.48148148148148145,0.8834612341172289,3.0,10.0,1.0,5.778946825771486,3.518147025149182,371.0,77.0,471.0,579.0,during,vulnerability_descending,288
during_traits,niche,54,0.09876543209876543,0.48148148148148145,0.8834612341172289,3.0,10.0,1.0,5.778946825771486,3.518147025149182,371.0,77.0,471.0,579.0,during,generality_ascending,288
during_traits,niche,53,0.10252758988964045,0.4716981132075472,0.8834612341172289,3.0,9.0,0.0,5.786288281400409,3.472471044140581,371.0,77.0,471.0,579.0,during,vulnerability_ascending,288
pre_traits,pfim_maximal_downsample,25,0.12,0.96,NaN,2.0,22.0,0.0,8.2915619758885,0.0,0.0,0.0,0.0,0.0,pre,random,75
pre_traits,pfim_maximal_downsample,35,0.026122448979591838,0.9142857142857143,0.8636514328694328,2.0,24.0,11.0,3.6971485719436825,1.4826730346678232,0.0,0.0,36.0,231.0,pre,generality_descending,32
pre_traits,pfim_maximal_downsample,28,0.03826530612244898,0.8214285714285714,0.9738830207074428,2.0,15.0,13.0,1.923125762505588,1.7832257792815187,0.0,0.0,44.0,51.0,pre,vulnerability_descending,30
pre_traits,pfim_maximal_downsample,25,0.0448,0.8,0.9752146228916664,2.0,12.0,13.0,1.7156145643277025,1.9000000000000004,0.0,0.0,45.0,37.0,pre,size_descending,28
pre_traits,pfim_maximal_downsample,35,0.026938775510204082,0.9428571428571428,0.9578977431709848,2.0,25.0,10.0,4.0361809055741045,1.4741469545799966,0.0,0.0,36.0,276.0,pre,motility_descending,33
pre_traits,pfim_maximal_downsample,37,0.028487947406866325,0.918918918918919,0.9752423827849777,2.0,28.0,9.0,3.673825934498938,1.1772365462751677,0.0,0.0,26.0,244.0,pre,tiering_descending,39
pre_traits,pfim_maximal_downsample,25,0.6704,0.84,0.39266623554101776,2.0,4.0,2.0,10.223665357069027,5.084945099670858,0.0,0.0,3.0,2.0,pre,generality_ascending,419
pre_traits,pfim_maximal_downsample,84,0.011904761904761904,0.9880952380952381,NaN,2.0,83.0,0.0,9.16515138991168,0.0,0.0,0.0,0.0,0.0,pre,vulnerability_ascending,84
pre_traits,pfim_maximal_downsample,41,0.024985127900059488,0.9512195121951219,0.567152664922725,2.0,39.0,0.0,6.4011241390792,0.15617376188860602,0.0,0.0,0.0,0.0,pre,size_ascending,42
pre_traits,pfim_maximal_downsample,25,0.7216,0.92,0.2609847772564409,2.0,6.0,0.0,11.39254141971843,0.2,0.0,0.0,0.0,0.0,pre,motility_ascending,451
pre_traits,pfim_maximal_downsample,25,0.6656,0.88,0.3283032915750492,2.0,5.0,1.0,10.411852220746637,4.8638119481191575,0.0,0.0,0.0,0.0,pre,tiering_ascending,416
during_traits,pfim_maximal_downsample,25,0.0432,0.88,0.8914695038099538,3.0,3.0,18.0,0.9092121131323904,3.9782743327561856,3.0,0.0,190.0,10.0,during,random,27
during_traits,pfim_maximal_downsample,27,0.03566529492455418,0.9259259259259259,0.8346851238755271,2.0,3.0,23.0,0.5175000172041233,4.41571913719334,0.0,0.0,253.0,0.0,during,generality_descending,26
during_traits,pfim_maximal_downsample,29,0.039239001189060645,0.896551724137931,0.9056807635879858,3.0,4.0,20.0,1.2456821978060995,4.248732062384146,4.0,0.0,253.0,21.0,during,vulnerability_descending,33
during_traits,pfim_maximal_downsample,25,0.0432,0.92,0.8742087966012445,3.0,1.0,20.0,0.6403124237432847,4.581848244249621,4.0,0.0,253.0,6.0,during,size_descending,27
during_traits,pfim_maximal_downsample,28,0.03826530612244898,0.9285714285714286,0.938915313698466,3.0,4.0,20.0,1.2149857925879117,4.319881440661961,4.0,0.0,253.0,21.0,during,motility_descending,30
during_traits,pfim_maximal_downsample,26,0.04142011834319527,0.9230769230769231,0.9021813501863163,3.0,2.0,20.0,0.8448941672459066,4.489303526589191,4.0,0.0,253.0,10.0,during,tiering_descending,28
during_traits,pfim_maximal_downsample,28,0.039540816326530615,0.8928571428571429,0.8859363515937483,3.0,3.0,20.0,1.030615986761952,4.323401316301662,4.0,0.0,253.0,15.0,during,generality_ascending,31
during_traits,pfim_maximal_downsample,25,0.0464,0.88,0.9211433565722675,3.0,4.0,16.0,1.3441230102437298,3.7713834773638877,4.0,0.0,171.0,21.0,during,vulnerability_ascending,29
during_traits,pfim_maximal_downsample,25,0.0464,0.88,0.9211433565722675,3.0,4.0,16.0,1.3441230102437298,3.7713834773638877,4.0,0.0,171.0,21.0,during,size_ascending,29
during_traits,pfim_maximal_downsample,25,0.0416,0.88,0.8564533671834661,3.0,2.0,20.0,0.5385164807134504,4.188078318274385,2.0,0.0,210.0,3.0,during,motility_ascending,26
during_traits,pfim_maximal_downsample,25,0.0384,0.92,0.7808981394110311,2.0,2.0,22.0,0.35118845842842455,4.39203825119955,0.0,0.0,231.0,0.0,during,tiering_ascending,24
pre_traits,pfim_maximal,62,0.05020811654526535,0.9354838709677419,0.8581737650592974,2.0,21.0,32.0,7.457210920430822,4.760165442467473,1.0,0.0,496.0,136.0,pre,random,193
pre_traits,pfim_maximal,39,0.024983563445101907,0.9743589743589743,NaN,2.0,1.0,38.0,0.16012815380508716,6.084869844593313,0.0,0.0,703.0,0.0,pre,generality_descending,38
pre_traits,pfim_maximal,39,0.16042077580539119,0.9487179487179487,0.9853723762796902,2.0,23.0,4.0,8.008935630439517,4.284107403918941,0.0,0.0,132.0,924.0,pre,vulnerability_descending,244
pre_traits,pfim_maximal,39,0.024983563445101907,0.9743589743589743,NaN,2.0,1.0,38.0,0.16012815380508716,6.084869844593313,0.0,0.0,703.0,0.0,pre,size_descending,38
pre_traits,pfim_maximal,39,0.024983563445101907,0.9743589743589743,NaN,2.0,1.0,38.0,0.16012815380508716,6.084869844593313,0.0,0.0,703.0,0.0,pre,motility_descending,38
pre_traits,pfim_maximal,39,0.024983563445101907,0.9743589743589743,NaN,2.0,1.0,38.0,0.16012815380508716,6.084869844593313,0.0,0.0,703.0,0.0,pre,tiering_descending,38
pre_traits,pfim_maximal,39,0.33004602235371466,0.8974358974358975,0.7103284201022704,1.0,11.0,4.0,10.901905886440916,8.195568401916937,0.0,0.0,66.0,220.0,pre,generality_ascending,502
pre_traits,pfim_maximal,85,0.01453287197231834,0.9764705882352941,0.9414899217009681,2.0,79.0,0.0,8.725505932695972,0.9467621366623018,0.0,0.0,0.0,0.0,pre,vulnerability_ascending,105
pre_traits,pfim_maximal,43,0.03623580313683072,0.9302325581395349,0.8169872955063292,2.0,36.0,1.0,6.366962068370318,1.637395225021616,0.0,0.0,0.0,0.0,pre,size_ascending,67
pre_traits,pfim_maximal,39,0.32084155161078237,0.9230769230769231,0.7059815741769306,2.0,3.0,13.0,11.789539955472113,9.159038661550603,0.0,0.0,78.0,0.0,pre,motility_ascending,488
pre_traits,pfim_maximal,39,0.2984878369493754,0.9230769230769231,0.7269094470777588,1.0,1.0,15.0,10.73235928221205,9.482635597118886,0.0,0.0,105.0,0.0,pre,tiering_ascending,454
during_traits,pfim_maximal,39,0.024983563445101907,0.9487179487179487,0.7718018407279711,2.0,3.0,35.0,0.4284107403918941,5.598341763355043,0.0,0.0,595.0,0.0,during,random,38
during_traits,pfim_maximal,39,0.024983563445101907,0.9743589743589743,NaN,2.0,1.0,38.0,0.16012815380508716,6.084869844593313,0.0,0.0,703.0,0.0,during,generality_descending,38
during_traits,pfim_maximal,45,0.024691358024691357,0.9333333333333333,0.8577442244705232,3.0,4.0,36.0,1.0492902844351992,5.804474066779797,4.0,0.0,741.0,21.0,during,vulnerability_descending,50
during_traits,pfim_maximal,39,0.024983563445101907,0.9743589743589743,NaN,2.0,1.0,38.0,0.16012815380508716,6.084869844593313,0.0,0.0,703.0,0.0,during,size_descending,38
during_traits,pfim_maximal,39,0.024983563445101907,0.9743589743589743,NaN,2.0,1.0,38.0,0.16012815380508716,6.084869844593313,0.0,0.0,703.0,0.0,during,motility_descending,38
during_traits,pfim_maximal,39,0.024983563445101907,0.9743589743589743,NaN,2.0,1.0,38.0,0.16012815380508716,6.084869844593313,0.0,0.0,703.0,0.0,during,tiering_descending,38
during_traits,pfim_maximal,44,0.024793388429752067,0.9318181818181818,0.8421246128994826,3.0,3.0,36.0,0.8577466915658595,5.869979524619342,4.0,0.0,741.0,15.0,during,generality_ascending,48
during_traits,pfim_maximal,39,0.028928336620644313,0.9230769230769231,0.8750896828522013,3.0,4.0,30.0,1.1280977743059606,5.272468148587316,4.0,0.0,528.0,21.0,during,vulnerability_ascending,44
during_traits,pfim_maximal,39,0.028928336620644313,0.9230769230769231,0.8750896828522013,3.0,4.0,30.0,1.1280977743059606,5.272468148587316,4.0,0.0,528.0,21.0,during,size_ascending,44
during_traits,pfim_maximal,39,0.024983563445101907,0.9230769230769231,0.6695919455357792,2.0,1.0,36.0,0.16012815380508716,5.760515234116055,1.0,0.0,630.0,0.0,during,motility_ascending,38
during_traits,pfim_maximal,39,0.024983563445101907,0.9487179487179487,0.7030243614276614,2.0,2.0,36.0,0.27977241570318195,5.760515234116055,0.0,0.0,630.0,0.0,during,tiering_ascending,38
pre_traits,pfim_minimum_downsample,27,0.07956104252400549,0.9259259259259259,0.8765890387923565,2.0,24.0,1.0,6.243172909443401,0.8639668665167353,0.0,0.0,0.0,120.0,pre,random,58
pre_traits,pfim_minimum_downsample,71,0.01428288038087681,0.971830985915493,0.9143591120266376,3.0,56.0,12.0,6.871250578100196,1.607953070979009,3.0,0.0,91.0,1653.0,pre,generality_descending,72
pre_traits,pfim_minimum_downsample,27,0.09876543209876543,0.8518518518518519,0.8505757907153214,2.0,23.0,4.0,6.533935084794437,1.270977818604485,0.0,0.0,81.0,615.0,pre,vulnerability_descending,72
pre_traits,pfim_minimum_downsample,27,0.04663923182441701,0.8888888888888888,0.9186222414327594,2.0,16.0,11.0,3.276872249248014,1.788695110808491,0.0,0.0,46.0,144.0,pre,size_descending,34
pre_traits,pfim_minimum_downsample,91,0.011109769351527594,0.978021978021978,0.8668909262595943,2.0,77.0,11.0,8.27377987714403,1.3122881246510318,3.0,0.0,78.0,3081.0,pre,motility_descending,92
pre_traits,pfim_minimum_downsample,55,0.017520661157024792,0.9636363636363636,0.8948074042489493,2.0,45.0,10.0,5.922223169784069,1.1700528060833706,0.0,0.0,36.0,946.0,pre,tiering_descending,53
pre_traits,pfim_minimum_downsample,27,0.5843621399176955,0.8148148148148148,0.472430149420801,2.0,4.0,4.0,10.434164790331563,6.812507351207514,0.0,0.0,16.0,9.0,pre,generality_ascending,426
pre_traits,pfim_minimum_downsample,85,0.011764705882352941,0.9882352941176471,NaN,2.0,84.0,0.0,9.219544457292887,0.0,0.0,0.0,0.0,0.0,pre,vulnerability_ascending,85
pre_traits,pfim_minimum_downsample,42,0.023809523809523808,0.9523809523809523,0.5712022260556434,3.0,40.0,0.0,6.324555320336759,0.0,0.0,0.0,0.0,0.0,pre,size_ascending,42
pre_traits,pfim_minimum_downsample,27,0.6186556927297668,0.9259259259259259,0.26484555544641536,2.0,8.0,1.0,11.957665114300324,4.672462822956308,0.0,0.0,0.0,0.0,pre,motility_ascending,451
pre_traits,pfim_minimum_downsample,27,0.5720164609053497,0.9259259259259259,0.3966859430344505,2.0,6.0,3.0,10.892246124699241,6.265493616341034,0.0,0.0,3.0,0.0,pre,tiering_ascending,417
during_traits,pfim_minimum_downsample,31,0.03225806451612903,0.9032258064516129,0.9530160982667286,3.0,5.0,23.0,1.0,3.6514837167011076,7.0,0.0,200.0,15.0,during,random,31
during_traits,pfim_minimum_downsample,32,0.0302734375,0.9375,0.8871335268274666,2.0,1.0,30.0,0.1767766952966369,4.65232772123874,5.0,0.0,335.0,0.0,during,generality_descending,31
during_traits,pfim_minimum_downsample,38,0.029085872576177285,0.8947368421052632,0.9133451018823496,3.0,5.0,27.0,1.371317647752849,4.254024953764919,10.0,0.0,337.0,37.0,during,vulnerability_descending,42
during_traits,pfim_minimum_downsample,27,0.03566529492455418,0.9259259259259259,0.6500224216483541,2.0,1.0,25.0,0.19245008972987523,4.807698005694629,1.0,0.0,300.0,0.0,during,size_descending,26
during_traits,pfim_minimum_downsample,27,0.03566529492455418,0.9629629629629629,NaN,2.0,1.0,26.0,0.19245008972987523,5.003702332976756,0.0,0.0,325.0,0.0,during,motility_descending,26
during_traits,pfim_minimum_downsample,27,0.03566529492455418,0.9629629629629629,NaN,2.0,1.0,26.0,0.19245008972987523,5.003702332976756,0.0,0.0,325.0,0.0,during,tiering_descending,26
during_traits,pfim_minimum_downsample,36,0.03009259259259259,0.8888888888888888,0.8891403733748833,3.0,3.0,27.0,1.0522085616183026,4.37117179451264,10.0,0.0,336.0,21.0,during,generality_ascending,39
during_traits,pfim_minimum_downsample,27,0.04252400548696845,0.8518518518518519,0.9257284247580758,3.0,5.0,16.0,1.6338652543939083,3.266422457294168,8.0,0.0,141.0,37.0,during,vulnerability_ascending,31
during_traits,pfim_minimum_downsample,27,0.04252400548696845,0.8518518518518519,0.9443325613886184,3.0,5.0,16.0,1.633865254393908,2.9704144194643654,10.0,0.0,117.0,37.0,during,size_ascending,31
during_traits,pfim_minimum_downsample,27,0.03566529492455418,0.8888888888888888,0.9043108762360527,3.0,2.0,23.0,0.3375797890278889,3.7363235887853667,6.0,0.0,181.0,1.0,during,motility_ascending,26
during_traits,pfim_minimum_downsample,27,0.03566529492455418,0.9259259259259259,0.9128020480221307,2.0,1.0,25.0,0.19245008972987523,4.118265892352504,5.0,0.0,220.0,0.0,during,tiering_ascending,26
pre_traits,pfim_minimum,48,0.0720486111111111,0.9375,0.7309758749850604,2.0,42.0,2.0,10.21254617080286,1.5152885173392368,0.0,0.0,36.0,1260.0,pre,random,166
pre_traits,pfim_minimum,48,0.020399305555555556,0.9791666666666666,NaN,2.0,1.0,47.0,0.14433756729740646,6.783865662978106,0.0,0.0,1081.0,0.0,pre,generality_descending,47
pre_traits,pfim_minimum,48,0.07074652777777778,0.9583333333333334,0.5306210639505926,2.0,41.0,7.0,11.156029918662787,1.425297032623612,0.0,0.0,243.0,3120.0,pre,vulnerability_descending,163
pre_traits,pfim_minimum,48,0.020399305555555556,0.9791666666666666,NaN,2.0,1.0,47.0,0.14433756729740646,6.783865662978106,0.0,0.0,1081.0,0.0,pre,size_descending,47
pre_traits,pfim_minimum,48,0.020399305555555556,0.9791666666666666,NaN,2.0,1.0,47.0,0.14433756729740646,6.783865662978106,0.0,0.0,1081.0,0.0,pre,motility_descending,47
pre_traits,pfim_minimum,48,0.020399305555555556,0.9791666666666666,NaN,2.0,1.0,47.0,0.14433756729740646,6.783865662978106,0.0,0.0,1081.0,0.0,pre,tiering_descending,47
pre_traits,pfim_minimum,48,0.34375,0.9166666666666666,0.7193936078102223,2.0,20.0,4.0,17.522022617145108,7.674217681384637,0.0,0.0,102.0,544.0,pre,generality_ascending,792
pre_traits,pfim_minimum,48,0.023003472222222224,0.9583333333333334,0.894807404248949,1.0,1.0,44.0,0.5152806850612228,6.365597641489238,0.0,0.0,946.0,0.0,pre,vulnerability_ascending,53
pre_traits,pfim_minimum,48,0.1462673611111111,0.9375,0.8525289004428478,3.0,1.0,1.0,14.94029192134596,4.6379084763997875,0.0,0.0,630.0,0.0,pre,size_ascending,337
pre_traits,pfim_minimum,48,0.2165798611111111,0.9166666666666666,0.7074476891319265,3.0,1.0,21.0,11.496048503971863,9.661812488729838,3.0,0.0,213.0,0.0,pre,motility_ascending,499
pre_traits,pfim_minimum,48,0.2009548611111111,0.9166666666666666,0.7173576301516615,1.0,1.0,23.0,10.523508805937897,9.742404752144612,3.0,0.0,213.0,0.0,pre,tiering_ascending,463
during_traits,pfim_minimum,48,0.024305555555555556,0.9166666666666666,0.9117454126199215,3.0,1.0,38.0,0.9748613285637491,5.427798163878371,15.0,0.0,694.0,21.0,during,random,56
during_traits,pfim_minimum,48,0.020399305555555556,0.9583333333333334,0.9121992348434295,2.0,1.0,46.0,0.14433756729740646,5.609602645818296,9.0,0.0,739.0,0.0,during,generality_descending,47
during_traits,pfim_minimum,56,0.021045918367346938,0.9285714285714286,0.9185302065134298,3.0,1.0,44.0,1.1458564539186458,5.762282195788061,20.0,0.0,916.0,36.0,during,vulnerability_descending,66
during_traits,pfim_minimum,48,0.020399305555555556,0.9583333333333334,0.9121992348434295,2.0,1.0,46.0,0.14433756729740646,5.609602645818297,9.0,0.0,739.0,0.0,during,size_descending,47
during_traits,pfim_minimum,48,0.023871527777777776,0.9375,0.8901331261843048,3.0,1.0,37.0,1.1667299881498836,6.059947276413204,13.0,0.0,867.0,36.0,during,motility_descending,55
during_traits,pfim_minimum,48,0.023871527777777776,0.9375,0.8901331261843048,3.0,1.0,37.0,1.1667299881498836,6.059947276413204,13.0,0.0,867.0,36.0,during,tiering_descending,55
during_traits,pfim_minimum,56,0.021045918367346938,0.9285714285714286,0.9185302065134298,3.0,1.0,44.0,1.1458564539186458,5.762282195788061,20.0,0.0,916.0,36.0,during,generality_ascending,66
during_traits,pfim_minimum,48,0.025173611111111112,0.9166666666666666,0.9215030087910148,3.0,1.0,36.0,1.2369890233836476,5.422405579583984,17.0,0.0,694.0,36.0,during,vulnerability_ascending,58
during_traits,pfim_minimum,48,0.025173611111111112,0.9166666666666666,0.9329258175138804,3.0,1.0,36.0,1.2369890233836476,5.107184482014853,20.0,0.0,616.0,36.0,during,size_ascending,58
during_traits,pfim_minimum,48,0.020833333333333332,0.9166666666666666,0.8455337246829637,3.0,1.0,43.0,0.20628424925175867,5.119840423045118,13.0,0.0,616.0,1.0,during,motility_ascending,48
during_traits,pfim_minimum,48,0.020833333333333332,0.9375,0.8719787098110063,3.0,1.0,44.0,0.20628424925175867,5.259237061407777,11.0,0.0,650.0,0.0,during,tiering_ascending,48
pre_traits,pfim,357,0.0036799033338825726,0.9663865546218487,0.6828598576900451,3.0,334.0,331.0,5.037740360088901,5.023222125283563,0.0,0.0,0.0,3.0,pre,random,469
pre_traits,pfim,357,0.0036799033338825726,0.9663865546218487,0.6828598576900451,3.0,334.0,331.0,5.037740360088901,5.023222125283563,0.0,0.0,0.0,3.0,pre,generality_descending,469
pre_traits,pfim,357,0.0036799033338825726,0.9663865546218487,0.6828598576900451,3.0,334.0,331.0,5.037740360088901,5.023222125283563,0.0,0.0,0.0,3.0,pre,vulnerability_descending,469
pre_traits,pfim,357,0.0036799033338825726,0.9663865546218487,0.6828598576900451,3.0,334.0,331.0,5.037740360088901,5.023222125283563,0.0,0.0,0.0,3.0,pre,size_descending,469
pre_traits,pfim,357,0.0036799033338825726,0.9663865546218487,0.6828598576900451,3.0,334.0,331.0,5.037740360088901,5.023222125283563,0.0,0.0,0.0,3.0,pre,motility_descending,469
pre_traits,pfim,357,0.0036799033338825726,0.9663865546218487,0.6828598576900451,3.0,334.0,331.0,5.037740360088901,5.023222125283563,0.0,0.0,0.0,3.0,pre,tiering_descending,469
pre_traits,pfim,357,0.0036799033338825726,0.9663865546218487,0.6828598576900451,3.0,334.0,331.0,5.037740360088901,5.023222125283563,0.0,0.0,0.0,3.0,pre,generality_ascending,469
pre_traits,pfim,357,0.0036799033338825726,0.9663865546218487,0.6828598576900451,3.0,334.0,331.0,5.037740360088901,5.023222125283563,0.0,0.0,0.0,3.0,pre,vulnerability_ascending,469
pre_traits,pfim,357,0.0036799033338825726,0.9663865546218487,0.6828598576900451,3.0,334.0,331.0,5.037740360088901,5.023222125283563,0.0,0.0,0.0,3.0,pre,size_ascending,469
pre_traits,pfim,357,0.0036799033338825726,0.9663865546218487,0.6828598576900451,3.0,334.0,331.0,5.037740360088901,5.023222125283563,0.0,0.0,0.0,3.0,pre,motility_ascending,469
pre_traits,pfim,357,0.0036799033338825726,0.9663865546218487,0.6828598576900451,3.0,334.0,331.0,5.037740360088901,5.023222125283563,0.0,0.0,0.0,3.0,pre,tiering_ascending,469
during_traits,pfim,56,0.003826530612244898,0.9821428571428571,NaN,2.0,55.0,44.0,1.603567451474546,0.4140393356054125,0.0,0.0,0.0,0.0,during,random,12
during_traits,pfim,56,0.003826530612244898,0.9821428571428571,NaN,2.0,55.0,44.0,1.603567451474546,0.4140393356054125,0.0,0.0,0.0,0.0,during,generality_descending,12
during_traits,pfim,56,0.003826530612244898,0.9821428571428571,NaN,2.0,55.0,44.0,1.603567451474546,0.4140393356054125,0.0,0.0,0.0,0.0,during,vulnerability_descending,12
during_traits,pfim,56,0.003826530612244898,0.9821428571428571,NaN,2.0,55.0,44.0,1.603567451474546,0.4140393356054125,0.0,0.0,0.0,0.0,during,size_descending,12
during_traits,pfim,56,0.003826530612244898,0.9821428571428571,NaN,2.0,55.0,44.0,1.603567451474546,0.4140393356054125,0.0,0.0,0.0,0.0,during,motility_descending,12
during_traits,pfim,56,0.003826530612244898,0.9821428571428571,NaN,2.0,55.0,44.0,1.603567451474546,0.4140393356054125,0.0,0.0,0.0,0.0,during,tiering_descending,12
during_traits,pfim,56,0.003826530612244898,0.9821428571428571,NaN,2.0,55.0,44.0,1.603567451474546,0.4140393356054125,0.0,0.0,0.0,0.0,during,generality_ascending,12
during_traits,pfim,56,0.003826530612244898,0.9821428571428571,NaN,2.0,55.0,44.0,1.603567451474546,0.4140393356054125,0.0,0.0,0.0,0.0,during,vulnerability_ascending,12
during_traits,pfim,56,0.003826530612244898,0.9821428571428571,NaN,2.0,55.0,44.0,1.603567451474546,0.4140393356054125,0.0,0.0,0.0,0.0,during,size_ascending,12
during_traits,pfim,56,0.003826530612244898,0.9821428571428571,NaN,2.0,55.0,44.0,1.603567451474546,0.4140393356054125,0.0,0.0,0.0,0.0,during,motility_ascending,12
during_traits,pfim,56,0.003826530612244898,0.9821428571428571,NaN,2.0,55.0,44.0,1.603567451474546,0.4140393356054125,0.0,0.0,0.0,0.0,during,tiering_ascending,12
pre_traits,pfim_basal,48,0.13194444444444445,0.9166666666666666,0.7479223368197224,2.0,37.0,3.0,13.241349377360805,2.754750892961013,0.0,0.0,84.0,1134.0,pre,random,304
pre_traits,pfim_basal,48,0.020399305555555556,0.9791666666666666,NaN,2.0,1.0,47.0,0.14433756729740646,6.783865662978106,0.0,0.0,1081.0,0.0,pre,generality_descending,47
pre_traits,pfim_basal,48,0.07074652777777778,0.9583333333333334,0.5306210639505926,2.0,41.0,7.0,11.156029918662787,1.425297032623612,0.0,0.0,243.0,3120.0,pre,vulnerability_descending,163
pre_traits,pfim_basal,48,0.020399305555555556,0.9791666666666666,NaN,2.0,1.0,47.0,0.14433756729740646,6.783865662978106,0.0,0.0,1081.0,0.0,pre,size_descending,47
pre_traits,pfim_basal,48,0.020399305555555556,0.9791666666666666,NaN,2.0,1.0,47.0,0.14433756729740646,6.783865662978106,0.0,0.0,1081.0,0.0,pre,motility_descending,47
pre_traits,pfim_basal,48,0.020399305555555556,0.9791666666666666,NaN,2.0,1.0,47.0,0.14433756729740646,6.783865662978106,0.0,0.0,1081.0,0.0,pre,tiering_descending,47
pre_traits,pfim_basal,48,0.34375,0.9166666666666666,0.7193936078102223,2.0,20.0,4.0,17.522022617145108,7.674217681384637,0.0,0.0,102.0,544.0,pre,generality_ascending,792
pre_traits,pfim_basal,48,0.023003472222222224,0.9583333333333334,0.894807404248949,1.0,1.0,44.0,0.5152806850612228,6.365597641489238,0.0,0.0,946.0,0.0,pre,vulnerability_ascending,53
pre_traits,pfim_basal,48,0.1462673611111111,0.9375,0.8525289004428478,3.0,1.0,1.0,14.94029192134596,4.6379084763997875,0.0,0.0,630.0,0.0,pre,size_ascending,337
pre_traits,pfim_basal,48,0.2165798611111111,0.9166666666666666,0.7074476891319265,3.0,1.0,21.0,11.496048503971863,9.661812488729838,3.0,0.0,213.0,0.0,pre,motility_ascending,499
pre_traits,pfim_basal,48,0.2009548611111111,0.9166666666666666,0.7173576301516615,1.0,1.0,23.0,10.523508805937897,9.742404752144612,3.0,0.0,213.0,0.0,pre,tiering_ascending,463
during_traits,pfim_basal,48,0.024739583333333332,0.9166666666666666,0.9172874605196601,3.0,1.0,37.0,1.1042712047395882,5.425143394516299,16.0,0.0,694.0,28.0,during,random,57
during_traits,pfim_basal,48,0.020399305555555556,0.9583333333333334,0.9121992348434295,2.0,1.0,46.0,0.14433756729740646,5.609602645818296,9.0,0.0,739.0,0.0,during,generality_descending,47
during_traits,pfim_basal,56,0.021045918367346938,0.9285714285714286,0.9185302065134298,3.0,1.0,44.0,1.1458564539186458,5.762282195788061,20.0,0.0,916.0,36.0,during,vulnerability_descending,66
during_traits,pfim_basal,48,0.020399305555555556,0.9583333333333334,0.9121992348434295,2.0,1.0,46.0,0.14433756729740646,5.609602645818297,9.0,0.0,739.0,0.0,during,size_descending,47
during_traits,pfim_basal,48,0.023871527777777776,0.9375,0.8901331261843048,3.0,1.0,37.0,1.1667299881498836,6.059947276413204,13.0,0.0,867.0,36.0,during,motility_descending,55
during_traits,pfim_basal,48,0.023871527777777776,0.9375,0.8901331261843048,3.0,1.0,37.0,1.1667299881498836,6.059947276413204,13.0,0.0,867.0,36.0,during,tiering_descending,55
during_traits,pfim_basal,56,0.021045918367346938,0.9285714285714286,0.9185302065134298,3.0,1.0,44.0,1.1458564539186458,5.762282195788061,20.0,0.0,916.0,36.0,during,generality_ascending,66
during_traits,pfim_basal,48,0.025173611111111112,0.9166666666666666,0.9215030087910148,3.0,1.0,36.0,1.2369890233836476,5.422405579583984,17.0,0.0,694.0,36.0,during,vulnerability_ascending,58
during_traits,pfim_basal,48,0.025173611111111112,0.9166666666666666,0.9329258175138804,3.0,1.0,36.0,1.2369890233836476,5.107184482014853,20.0,0.0,616.0,36.0,during,size_ascending,58
during_traits,pfim_basal,48,0.020833333333333332,0.9166666666666666,0.8455337246829637,3.0,1.0,43.0,0.20628424925175867,5.119840423045118,13.0,0.0,616.0,1.0,during,motility_ascending,48
during_traits,pfim_basal,48,0.020833333333333332,0.9375,0.8719787098110063,3.0,1.0,44.0,0.20628424925175867,5.259237061407777,11.0,0.0,650.0,0.0,during,tiering_ascending,48
pre_traits,pfim_metaweb,53,0.05268778924884301,0.9245283018867925,0.6732694904500722,2.0,48.0,0.0,11.29049717949711,0.6609576550511251,0.0,0.0,2.0,2.0,pre,random,148
pre_traits,pfim_metaweb,207,0.006511237135055661,0.9903381642512077,0.9346697778065021,2.0,202.0,0.0,14.576373442214242,1.129817670957323,0.0,0.0,108.0,612.0,pre,generality_descending,279
pre_traits,pfim_metaweb,53,0.3545745817016732,0.9433962264150944,0.6113753863426064,2.0,29.0,0.0,20.987504057420264,8.869477676421532,0.0,0.0,0.0,0.0,pre,vulnerability_descending,996
pre_traits,pfim_metaweb,53,0.018867924528301886,0.9811320754716981,NaN,2.0,52.0,0.0,7.280109889280518,0.0,0.0,0.0,0.0,0.0,pre,size_descending,53
pre_traits,pfim_metaweb,188,0.005319148936170213,0.9946808510638298,NaN,2.0,187.0,0.0,13.711309200802088,0.0,0.0,0.0,0.0,0.0,pre,motility_descending,188
pre_traits,pfim_metaweb,152,0.006578947368421052,0.993421052631579,NaN,2.0,151.0,0.0,12.328828005937952,0.0,0.0,0.0,0.0,0.0,pre,tiering_descending,152
pre_traits,pfim_metaweb,53,0.4243503025987896,0.8867924528301887,0.6356463503340808,2.0,21.0,0.0,22.5922235102032,7.389240206359915,0.0,0.0,6.0,0.0,pre,generality_ascending,1192
pre_traits,pfim_metaweb,192,0.006591796875,0.9895833333333334,0.9077431991561817,2.0,188.0,0.0,13.997653716068768,0.85447122438291,0.0,0.0,51.0,408.0,pre,vulnerability_ascending,243
pre_traits,pfim_metaweb,53,0.299750800996796,0.9433962264150944,0.4568245456096838,2.0,35.0,0.0,23.33589211210135,3.549974958516721,0.0,0.0,0.0,0.0,pre,size_ascending,842
pre_traits,pfim_metaweb,53,0.4318262726949092,0.9433962264150944,0.6349703410507709,2.0,27.0,0.0,24.062147401898923,5.998911367132472,0.0,0.0,0.0,0.0,pre,motility_ascending,1213
pre_traits,pfim_metaweb,53,0.4339622641509434,0.9433962264150944,0.6306320444192451,2.0,27.0,0.0,24.091172976520163,6.028777143513753,0.0,0.0,0.0,0.0,pre,tiering_ascending,1219
during_traits,pfim_metaweb,53,0.1947312210751157,0.9433962264150944,0.45987640005231495,2.0,41.0,0.0,20.18641354295361,2.7016631978899763,0.0,0.0,0.0,6.0,during,random,547
during_traits,pfim_metaweb,54,0.2085048010973937,0.9444444444444444,0.44593871513754496,2.0,41.0,0.0,21.095635947861915,2.940832799422288,0.0,0.0,0.0,6.0,during,generality_descending,608
during_traits,pfim_metaweb,53,0.2118191527233891,0.9433962264150944,0.4310527313412366,2.0,40.0,0.0,20.824025980946924,2.958959727765319,0.0,0.0,0.0,3.0,during,vulnerability_descending,595
during_traits,pfim_metaweb,53,0.21609113563545745,0.9433962264150944,0.4270909517093121,2.0,40.0,0.0,21.201021417462098,2.598564971848361,0.0,0.0,0.0,6.0,during,size_descending,607
during_traits,pfim_metaweb,54,0.2085048010973937,0.9444444444444444,0.44593871513754496,2.0,41.0,0.0,21.095635947861915,2.940832799422288,0.0,0.0,0.0,6.0,during,motility_descending,608
during_traits,pfim_metaweb,54,0.2085048010973937,0.9444444444444444,0.44593871513754496,2.0,41.0,0.0,21.095635947861915,2.940832799422288,0.0,0.0,0.0,6.0,during,tiering_descending,608
during_traits,pfim_metaweb,53,0.2121751512993948,0.9433962264150944,0.4485559564555718,2.0,40.0,0.0,20.816880779769317,2.9671642793528696,0.0,0.0,0.0,6.0,during,generality_ascending,596
during_traits,pfim_metaweb,53,0.21609113563545745,0.9433962264150944,0.4270909517093121,2.0,40.0,0.0,21.201021417462098,2.598564971848361,0.0,0.0,0.0,6.0,during,vulnerability_ascending,607
during_traits,pfim_metaweb,53,0.2121751512993948,0.9433962264150944,0.4485559564555718,2.0,40.0,0.0,20.816880779769317,2.96716427935287,0.0,0.0,0.0,6.0,during,size_ascending,596
during_traits,pfim_metaweb,53,0.21609113563545745,0.9433962264150944,0.4270909517093121,2.0,40.0,0.0,21.201021417462098,2.598564971848361,0.0,0.0,0.0,6.0,during,motility_ascending,607
during_traits,pfim_metaweb,53,0.21609113563545745,0.9433962264150944,0.4270909517093121,2.0,40.0,0.0,21.201021417462098,2.598564971848361,0.0,0.0,0.0,6.0,during,tiering_ascending,607
pre_traits,pfim_size,46,0.12098298676748583,0.8695652173913043,0.543638596700489,2.0,40.0,0.0,14.576468363485406,1.067753069935876,0.0,0.0,0.0,0.0,pre,random,256
pre_traits,pfim_size,175,0.005681632653061225,0.9942857142857143,NaN,2.0,174.0,1.0,13.153163660721102,0.07559289460184543,0.0,0.0,0.0,15051.0,pre,generality_descending,174
pre_traits,pfim_size,46,0.29631379962192816,0.6304347826086957,0.6784177698855256,2.0,28.0,0.0,17.906372168901427,5.359762414519567,0.0,0.0,0.0,0.0,pre,vulnerability_descending,627
pre_traits,pfim_size,171,0.005813754659553367,0.9941520467836257,NaN,2.0,170.0,1.0,13.000224919331835,0.07647191129018725,0.0,0.0,0.0,14365.0,pre,size_descending,170
pre_traits,pfim_size,170,0.005847750865051903,0.9941176470588236,NaN,2.0,169.0,1.0,12.961708311520562,0.07669649888473705,0.0,0.0,0.0,14196.0,pre,motility_descending,169
pre_traits,pfim_size,145,0.006848989298454221,0.993103448275862,NaN,2.0,144.0,1.0,11.958549098938557,0.08304547985373997,0.0,0.0,0.0,10296.0,pre,tiering_descending,144
pre_traits,pfim_size,46,0.39177693761814747,0.43478260869565216,0.7133455402323614,2.0,18.0,0.0,16.829193062367395,8.759728890870191,0.0,0.0,63.0,221.0,pre,generality_ascending,829
pre_traits,pfim_size,175,0.005681632653061225,0.9942857142857143,NaN,2.0,174.0,1.0,13.153163660721102,0.07559289460184543,0.0,0.0,0.0,15051.0,pre,vulnerability_ascending,174
pre_traits,pfim_size,46,0.20368620037807184,0.782608695652174,0.6271169108838801,2.0,35.0,0.0,17.120953628232762,2.7109546957333763,0.0,0.0,0.0,0.0,pre,size_ascending,431
pre_traits,pfim_size,46,0.3799621928166352,0.5217391304347826,0.663007871968637,2.0,23.0,0.0,18.329986519283135,7.247188360352916,0.0,0.0,0.0,0.0,pre,motility_ascending,804
pre_traits,pfim_size,46,0.3809073724007561,0.5217391304347826,0.6587870641639182,2.0,23.0,0.0,18.345740202425173,7.274732925024449,0.0,0.0,0.0,0.0,pre,tiering_ascending,806
during_traits,pfim_size,46,0.021739130434782608,0.9782608695652174,NaN,2.0,45.0,0.0,6.782329983125268,0.0,0.0,0.0,0.0,0.0,during,random,46
during_traits,pfim_size,54,0.029835390946502057,0.9629629629629629,0.8144659316087454,2.0,52.0,0.0,8.539401831966845,0.4920755681598856,0.0,0.0,0.0,528.0,during,generality_descending,87
during_traits,pfim_size,46,0.0335538752362949,0.9565217391304348,0.8384321780311442,2.0,44.0,0.0,7.646950072455557,0.5036101551853349,0.0,0.0,0.0,300.0,during,vulnerability_descending,71
during_traits,pfim_size,52,0.03143491124260355,0.9615384615384616,0.8045185558255306,2.0,50.0,0.0,8.464525388068067,0.48623588860399414,0.0,0.0,0.0,528.0,during,size_descending,85
during_traits,pfim_size,54,0.029835390946502057,0.9629629629629629,0.8144659316087454,2.0,52.0,0.0,8.539401831966845,0.4920755681598856,0.0,0.0,0.0,528.0,during,motility_descending,87
during_traits,pfim_size,54,0.029835390946502057,0.9629629629629629,0.8144659316087454,2.0,52.0,0.0,8.539401831966845,0.4920755681598856,0.0,0.0,0.0,528.0,during,tiering_descending,87
during_traits,pfim_size,46,0.03544423440453686,0.9565217391304348,0.8063537721498362,2.0,44.0,0.0,7.936858308346149,0.48802074874715057,0.0,0.0,0.0,406.0,during,generality_ascending,75
during_traits,pfim_size,46,0.03733459357277883,0.9565217391304348,0.7614517726130151,2.0,44.0,0.0,8.258767848584412,0.45524320622233805,0.0,0.0,0.0,528.0,during,vulnerability_ascending,79
during_traits,pfim_size,46,0.0335538752362949,0.9565217391304348,0.8384321780311442,2.0,44.0,0.0,7.646950072455556,0.5036101551853349,0.0,0.0,0.0,300.0,during,size_ascending,71
during_traits,pfim_size,46,0.035916824196597356,0.9565217391304348,0.7964845976208595,2.0,44.0,0.0,8.014479649856941,0.4815434123430768,0.0,0.0,0.0,435.0,during,motility_ascending,76
during_traits,pfim_size,46,0.021739130434782608,0.9782608695652174,NaN,2.0,45.0,0.0,6.782329983125268,0.0,0.0,0.0,0.0,0.0,during,tiering_ascending,46
pre_traits,pfim_trophic_maximal,11,0.09917355371900827,0.6363636363636364,0.9126405414424454,2.0,2.0,6.0,1.044465935734187,1.8140862964338524,0.0,0.0,15.0,0.0,pre,random,12
pre_traits,pfim_trophic_maximal,11,0.08264462809917356,0.9090909090909091,NaN,2.0,1.0,10.0,0.30151134457776363,3.0151134457776365,0.0,0.0,45.0,0.0,pre,generality_descending,10
pre_traits,pfim_trophic_maximal,11,0.09090909090909091,0.7272727272727273,0.9238071091407896,2.0,8.0,1.0,2.04939015319192,0.4472135954999579,0.0,0.0,0.0,15.0,pre,vulnerability_descending,11
pre_traits,pfim_trophic_maximal,11,0.08264462809917356,0.9090909090909091,NaN,2.0,1.0,10.0,0.30151134457776363,3.0151134457776365,0.0,0.0,45.0,0.0,pre,size_descending,10
pre_traits,pfim_trophic_maximal,11,0.08264462809917356,0.9090909090909091,NaN,2.0,1.0,10.0,0.30151134457776363,3.0151134457776365,0.0,0.0,45.0,0.0,pre,motility_descending,10
pre_traits,pfim_trophic_maximal,12,0.0763888888888889,0.8333333333333334,0.9578977431709848,2.0,3.0,8.0,0.7929614610987591,2.274696116900546,0.0,0.0,28.0,0.0,pre,tiering_descending,11
pre_traits,pfim_trophic_maximal,11,0.1322314049586777,0.6363636363636364,0.9084726046874017,2.0,7.0,1.0,2.3393860888547815,0.8201995322647243,0.0,0.0,0.0,15.0,pre,generality_ascending,16
pre_traits,pfim_trophic_maximal,11,0.08264462809917356,0.7272727272727273,0.8788054266832801,2.0,8.0,1.0,2.385562636132007,0.3015113445777636,0.0,0.0,0.0,0.0,pre,vulnerability_ascending,10
pre_traits,pfim_trophic_maximal,12,0.11805555555555555,0.6666666666666666,0.8772276200631783,2.0,8.0,1.0,2.8749176536296677,0.6685579234215214,0.0,0.0,0.0,0.0,pre,size_ascending,17
pre_traits,pfim_trophic_maximal,11,0.11570247933884298,0.6363636363636364,0.9166491203363549,2.0,4.0,4.0,1.793929156399945,1.2720777563426766,0.0,0.0,6.0,0.0,pre,motility_ascending,14
pre_traits,pfim_trophic_maximal,11,0.11570247933884298,0.6363636363636364,0.9166491203363548,2.0,4.0,4.0,1.793929156399945,1.2720777563426766,0.0,0.0,6.0,0.0,pre,tiering_ascending,14
during_traits,pfim_trophic_maximal,11,0.09917355371900827,0.7272727272727273,0.942528288492351,3.0,3.0,6.0,1.044465935734187,1.8140862964338524,1.0,0.0,15.0,3.0,during,random,12
during_traits,pfim_trophic_maximal,11,0.08264462809917356,0.8181818181818182,0.968345350558713,2.0,3.0,7.0,0.8312094145936334,2.0714509627092528,0.0,0.0,21.0,0.0,during,generality_descending,10
during_traits,pfim_trophic_maximal,12,0.09027777777777778,0.75,0.935986318556972,3.0,3.0,7.0,0.996204919895622,2.0207259421636907,1.0,0.0,21.0,3.0,during,vulnerability_descending,13
during_traits,pfim_trophic_maximal,11,0.09090909090909091,0.7272727272727273,0.9345349839929921,3.0,2.0,7.0,0.6324555320336759,2.0976176963403033,1.0,0.0,21.0,1.0,during,size_descending,11
during_traits,pfim_trophic_maximal,11,0.08264462809917356,0.8181818181818182,0.9683453505587127,3.0,3.0,7.0,0.8312094145936334,2.0714509627092528,1.0,0.0,21.0,3.0,during,motility_descending,10
during_traits,pfim_trophic_maximal,11,0.08264462809917356,0.8181818181818182,0.9683453505587127,3.0,3.0,7.0,0.8312094145936334,2.0714509627092528,1.0,0.0,21.0,3.0,during,tiering_descending,10
during_traits,pfim_trophic_maximal,11,0.09090909090909091,0.7272727272727273,0.9345349839929921,3.0,2.0,7.0,0.6324555320336759,2.0976176963403033,1.0,0.0,21.0,1.0,during,generality_ascending,11
during_traits,pfim_trophic_maximal,11,0.09917355371900827,0.7272727272727273,0.942528288492351,3.0,3.0,6.0,1.044465935734187,1.8140862964338524,1.0,0.0,15.0,3.0,during,vulnerability_ascending,12
during_traits,pfim_trophic_maximal,11,0.09917355371900827,0.7272727272727273,0.942528288492351,3.0,3.0,6.0,1.044465935734187,1.8140862964338524,1.0,0.0,15.0,3.0,during,size_ascending,12
during_traits,pfim_trophic_maximal,11,0.09090909090909091,0.7272727272727273,0.9345349839929921,3.0,2.0,7.0,0.6324555320336759,2.0976176963403033,1.0,0.0,21.0,1.0,during,motility_ascending,11
during_traits,pfim_trophic_maximal,11,0.09090909090909091,0.7272727272727273,0.9345349839929921,3.0,2.0,7.0,0.6324555320336759,2.0976176963403033,1.0,0.0,21.0,1.0,during,tiering_ascending,11
pre_traits,pfim_trophic_minimum,10,0.11,0.8,0.9578977431709848,3.0,1.0,6.0,0.7378647873726218,2.4698178070456938,0.0,0.0,28.0,0.0,pre,random,11
pre_traits,pfim_trophic_minimum,10,0.09,0.8,0.8285576078854361,2.0,1.0,8.0,0.31622776601683794,2.5144029554194813,0.0,0.0,28.0,0.0,pre,generality_descending,9
pre_traits,pfim_trophic_minimum,10,0.08,0.7,0.9508216760762976,2.0,7.0,2.0,1.6193277068654828,0.42163702135578396,0.0,0.0,0.0,10.0,pre,vulnerability_descending,8
pre_traits,pfim_trophic_minimum,10,0.09,0.8,0.8285576078854361,2.0,1.0,8.0,0.31622776601683794,2.5144029554194813,0.0,0.0,28.0,0.0,pre,size_descending,9
pre_traits,pfim_trophic_minimum,10,0.09,0.9,NaN,2.0,1.0,9.0,0.31622776601683794,2.8460498941515415,0.0,0.0,36.0,0.0,pre,motility_descending,9
pre_traits,pfim_trophic_minimum,10,0.13,0.7,0.935986318556972,1.0,1.0,3.0,1.3374935098492586,2.057506581601462,0.0,0.0,21.0,0.0,pre,tiering_descending,13
pre_traits,pfim_trophic_minimum,10,0.16,0.6,0.9009110013083176,2.0,6.0,1.0,2.4129281427805145,0.9660917830792959,0.0,0.0,0.0,10.0,pre,generality_ascending,16
pre_traits,pfim_trophic_minimum,10,0.16,0.7,0.9247853669587236,3.0,1.0,0.0,2.270584848790187,1.8973665961010278,0.0,0.0,21.0,0.0,pre,vulnerability_ascending,16
pre_traits,pfim_trophic_minimum,10,0.14,0.8,0.9962784138320147,3.0,1.0,3.0,1.6465452046971292,2.3664319132398464,0.0,0.0,28.0,0.0,pre,size_ascending,14
pre_traits,pfim_trophic_minimum,11,0.10743801652892562,0.45454545454545453,0.9442991071149829,3.0,1.0,4.0,0.9816498172140429,1.4709304414677002,2.0,0.0,10.0,0.0,pre,motility_ascending,13
pre_traits,pfim_trophic_minimum,10,0.12,0.5,0.9475320252646892,1.0,1.0,4.0,0.7888106377466155,1.5491933384829668,1.0,0.0,10.0,0.0,pre,tiering_ascending,12
during_traits,pfim_trophic_minimum,11,0.10743801652892562,0.7272727272727273,0.9287530738373762,3.0,1.0,5.0,0.9816498172140429,2.315952582337636,5.0,0.0,28.0,6.0,during,random,13
during_traits,pfim_trophic_minimum,10,0.09,0.8,0.8285576078854361,2.0,1.0,8.0,0.31622776601683794,2.5144029554194813,1.0,0.0,28.0,0.0,during,generality_descending,9
during_traits,pfim_trophic_minimum,13,0.10059171597633136,0.6923076923076923,0.9304714750640146,3.0,1.0,6.0,1.031553471276484,2.42846369077981,5.0,0.0,36.0,6.0,during,vulnerability_descending,17
during_traits,pfim_trophic_minimum,10,0.1,0.7,0.9245821090272717,3.0,1.0,6.0,0.4714045207910317,2.160246899469287,3.0,0.0,21.0,1.0,during,size_descending,10
during_traits,pfim_trophic_minimum,10,0.09,0.9,NaN,2.0,1.0,9.0,0.31622776601683794,2.8460498941515415,0.0,0.0,36.0,0.0,during,motility_descending,9
during_traits,pfim_trophic_minimum,10,0.11,0.8,0.9578977431709848,3.0,1.0,6.0,0.7378647873726218,2.4698178070456938,3.0,0.0,28.0,3.0,during,tiering_descending,11
during_traits,pfim_trophic_minimum,13,0.10059171597633136,0.6923076923076923,0.9304714750640146,3.0,1.0,6.0,1.031553471276484,2.42846369077981,5.0,0.0,36.0,6.0,during,generality_ascending,17
during_traits,pfim_trophic_minimum,10,0.14,0.7,0.9546870059091138,3.0,1.0,4.0,1.1737877907772674,2.1186998109427604,4.0,0.0,21.0,6.0,during,vulnerability_ascending,14
during_traits,pfim_trophic_minimum,10,0.14,0.6,0.9477765787023816,3.0,1.0,3.0,1.1737877907772674,1.776388345929897,5.0,0.0,15.0,6.0,during,size_ascending,14
during_traits,pfim_trophic_minimum,10,0.09,0.6,0.9325820431051401,2.0,1.0,6.0,0.31622776601683794,1.8529256146249728,2.0,0.0,15.0,0.0,during,motility_ascending,9
during_traits,pfim_trophic_minimum,10,0.1,0.7,0.9245821090272717,3.0,1.0,6.0,0.4714045207910317,2.160246899469287,1.0,0.0,21.0,0.0,during,tiering_ascending,10
pre_traits,pfim_with_scav,48,0.14973958333333334,0.9375,0.7817970364578438,2.0,37.0,3.0,13.333139404618056,3.6533648145353763,0.0,0.0,93.0,1395.0,pre,random,345
pre_traits,pfim_with_scav,48,0.020399305555555556,0.9791666666666666,NaN,2.0,1.0,47.0,0.14433756729740646,6.783865662978106,0.0,0.0,1081.0,0.0,pre,generality_descending,47
pre_traits,pfim_with_scav,48,0.07074652777777778,0.9583333333333334,0.5306210639505926,2.0,41.0,7.0,11.156029918662787,1.425297032623612,0.0,0.0,243.0,3120.0,pre,vulnerability_descending,163
pre_traits,pfim_with_scav,48,0.020399305555555556,0.9791666666666666,NaN,2.0,1.0,47.0,0.14433756729740646,6.783865662978106,0.0,0.0,1081.0,0.0,pre,size_descending,47
pre_traits,pfim_with_scav,48,0.020399305555555556,0.9791666666666666,NaN,2.0,1.0,47.0,0.14433756729740646,6.783865662978106,0.0,0.0,1081.0,0.0,pre,motility_descending,47
pre_traits,pfim_with_scav,48,0.020399305555555556,0.9791666666666666,NaN,2.0,1.0,47.0,0.14433756729740646,6.783865662978106,0.0,0.0,1081.0,0.0,pre,tiering_descending,47
pre_traits,pfim_with_scav,48,0.34375,0.9166666666666666,0.7193936078102223,2.0,20.0,4.0,17.522022617145108,7.674217681384637,0.0,0.0,102.0,544.0,pre,generality_ascending,792
pre_traits,pfim_with_scav,48,0.023003472222222224,0.9583333333333334,0.894807404248949,1.0,1.0,44.0,0.5152806850612228,6.365597641489238,0.0,0.0,946.0,0.0,pre,vulnerability_ascending,53
pre_traits,pfim_with_scav,48,0.1462673611111111,0.9375,0.8525289004428478,3.0,1.0,1.0,14.94029192134596,4.6379084763997875,0.0,0.0,630.0,0.0,pre,size_ascending,337
pre_traits,pfim_with_scav,48,0.2165798611111111,0.9166666666666666,0.7074476891319265,3.0,1.0,21.0,11.496048503971863,9.661812488729838,3.0,0.0,213.0,0.0,pre,motility_ascending,499
pre_traits,pfim_with_scav,48,0.2009548611111111,0.9166666666666666,0.7173576301516615,1.0,1.0,23.0,10.523508805937897,9.742404752144612,3.0,0.0,213.0,0.0,pre,tiering_ascending,463
during_traits,pfim_with_scav,49,0.024156601416076635,0.9183673469387755,0.9197410397932918,3.0,1.0,38.0,1.0930360886798125,5.399357482561216,17.0,0.0,702.0,28.0,during,random,58
during_traits,pfim_with_scav,48,0.020399305555555556,0.9583333333333334,0.9121992348434295,2.0,1.0,46.0,0.14433756729740646,5.609602645818296,9.0,0.0,739.0,0.0,during,generality_descending,47
during_traits,pfim_with_scav,56,0.021045918367346938,0.9285714285714286,0.9185302065134298,3.0,1.0,44.0,1.1458564539186458,5.762282195788061,20.0,0.0,916.0,36.0,during,vulnerability_descending,66
during_traits,pfim_with_scav,48,0.020399305555555556,0.9583333333333334,0.9121992348434295,2.0,1.0,46.0,0.14433756729740646,5.609602645818297,9.0,0.0,739.0,0.0,during,size_descending,47
during_traits,pfim_with_scav,48,0.023871527777777776,0.9375,0.8901331261843048,3.0,1.0,37.0,1.1667299881498836,6.059947276413204,13.0,0.0,867.0,36.0,during,motility_descending,55
during_traits,pfim_with_scav,48,0.023871527777777776,0.9375,0.8901331261843048,3.0,1.0,37.0,1.1667299881498836,6.059947276413204,13.0,0.0,867.0,36.0,during,tiering_descending,55
during_traits,pfim_with_scav,56,0.021045918367346938,0.9285714285714286,0.9185302065134298,3.0,1.0,44.0,1.1458564539186458,5.762282195788061,20.0,0.0,916.0,36.0,during,generality_ascending,66
during_traits,pfim_with_scav,48,0.025173611111111112,0.9166666666666666,0.9215030087910148,3.0,1.0,36.0,1.2369890233836476,5.422405579583984,17.0,0.0,694.0,36.0,during,vulnerability_ascending,58
during_traits,pfim_with_scav,48,0.025173611111111112,0.9166666666666666,0.9329258175138804,3.0,1.0,36.0,1.2369890233836476,5.107184482014853,20.0,0.0,616.0,36.0,during,size_ascending,58
during_traits,pfim_with_scav,48,0.020833333333333332,0.9166666666666666,0.8455337246829637,3.0,1.0,43.0,0.20628424925175867,5.119840423045118,13.0,0.0,616.0,1.0,during,motility_ascending,48
during_traits,pfim_with_scav,48,0.020833333333333332,0.9375,0.8719787098110063,3.0,1.0,44.0,0.20628424925175867,5.259237061407777,11.0,0.0,650.0,0.0,during,tiering_ascending,48
pre_traits,random,53,0.14524741901032395,0.9056603773584906,0.5810940277831742,1.0,0.0,43.0,0.7742218341509443,18.329867289020164,0.0,4.0,525.0,0.0,pre,random,408
pre_traits,random,53,0.18796724813100749,0.9622641509433962,0.2946116679099289,1.0,0.0,43.0,0.27472112789737807,20.85661882044139,0.0,0.0,0.0,0.0,pre,generality_descending,528
pre_traits,random,58,0.052615933412604045,0.8103448275862069,0.8298946122523122,2.0,13.0,42.0,3.2575009999492393,8.651989759573114,0.0,51.0,2264.0,433.0,pre,vulnerability_descending,177
pre_traits,random,155,0.007450572320499479,0.9612903225806452,0.7083745097776708,2.0,2.0,147.0,0.8069659022059108,12.317837312014031,0.0,24.0,11673.0,40.0,pre,size_descending,179
pre_traits,random,118,0.00847457627118644,0.9915254237288136,NaN,1.0,0.0,117.0,0.0,10.862780491200215,0.0,0.0,0.0,0.0,pre,motility_descending,118
pre_traits,random,53,0.40904236383054465,0.8679245283018868,0.4480431296365042,1.0,0.0,29.0,1.6025650701496839,25.84775960006061,0.0,0.0,0.0,1.0,pre,tiering_descending,1149
pre_traits,random,53,0.2648629405482378,0.9622641509433962,0.28173872955903395,1.0,0.0,37.0,0.274721127897378,23.568200760404448,0.0,0.0,0.0,1.0,pre,generality_ascending,744
pre_traits,random,53,1.0,0.9811320754716981,NaN,1.0,0.0,0.0,0.0,0.0,0.0,0.0,0.0,0.0,pre,vulnerability_ascending,2809
pre_traits,random,60,0.09777777777777778,0.75,0.7887536334883893,2.0,8.0,44.0,4.731669955203104,12.667142423417417,0.0,248.0,2584.0,405.0,pre,size_ascending,352
pre_traits,random,54,0.08401920438957476,0.7407407407407407,0.8081428246878337,2.0,12.0,37.0,4.402884830289233,9.855011105290284,0.0,206.0,2077.0,460.0,pre,motility_ascending,245
pre_traits,random,53,0.053755784976860094,0.8113207547169812,0.8283283341849009,2.0,11.0,39.0,2.8311198274717424,8.249466711004123,0.0,46.0,1863.0,302.0,pre,tiering_ascending,151
during_traits,random,53,0.2036311854752581,0.8113207547169812,0.7085286416472498,1.0,0.0,37.0,2.619149087938219,19.630586897615864,0.0,20.0,389.0,57.0,during,random,572
during_traits,random,53,0.2022071911712353,0.8301886792452831,0.7090959138304573,1.0,0.0,38.0,2.5220364062107707,19.648230844698464,0.0,15.0,377.0,48.0,during,generality_descending,568
during_traits,random,53,0.18476326094695622,0.8113207547169812,0.7197305041196139,1.0,0.0,38.0,2.619149087938219,18.770228565640483,0.0,20.0,427.0,58.0,during,vulnerability_descending,519
during_traits,random,53,0.18476326094695622,0.8113207547169812,0.7197305041196139,1.0,0.0,38.0,2.619149087938219,18.770228565640483,0.0,20.0,427.0,58.0,during,size_descending,519
during_traits,random,53,0.18547525809896762,0.8113207547169812,0.719150298478317,1.0,0.0,38.0,2.6219183307163285,18.803371065456695,0.0,20.0,427.0,58.0,during,motility_descending,521
during_traits,random,53,0.18547525809896762,0.8113207547169812,0.719150298478317,1.0,0.0,38.0,2.6219183307163285,18.803371065456695,0.0,20.0,427.0,58.0,during,tiering_descending,521
during_traits,random,53,0.2039871840512638,0.8301886792452831,0.6950171681341293,1.0,0.0,38.0,2.386311957922203,19.832041482810265,0.0,20.0,421.0,41.0,during,generality_ascending,573
during_traits,random,53,0.20541117835528658,0.8113207547169812,0.705207251488297,1.0,0.0,37.0,2.5694984347330885,19.753928895829315,0.0,20.0,427.0,58.0,during,vulnerability_ascending,577
during_traits,random,53,0.2036311854752581,0.8113207547169812,0.7085286416472498,1.0,0.0,37.0,2.619149087938219,19.630586897615864,0.0,20.0,389.0,57.0,during,size_ascending,572
during_traits,random,53,0.18476326094695622,0.8113207547169812,0.7197305041196139,1.0,0.0,38.0,2.619149087938219,18.770228565640483,0.0,20.0,427.0,58.0,during,motility_ascending,519
during_traits,random,53,0.18476326094695622,0.8113207547169812,0.7197305041196139,1.0,0.0,38.0,2.619149087938219,18.770228565640483,0.0,20.0,427.0,58.0,during,tiering_ascending,519
